run,block,distance,speed,category,category_start_id,image_id,trial_in_run,trial,category_id,start_id,target_id,target_cat,target_cat_pos,start_cat,start_cat_pos,direction,speed_cue_dur,blink_dur,sample_dur,feedback_dur,iti_dur,probe_dur,buffer_dur,ts,trial_dur,visual,is_probe,probe_dist,probe_id,probe_cat,probe_cat_pos,probe_ts,option_cat,option_cat_pos,option_id,probe_correct_pos,probe_option_pos,subject,session
1,1,14,1.6,leg,1,leg_1,1,1,6,11,7,4,1,6,1,1,11.25,2500,1000,1000,2550.656511843288,0,1363.8111287672243,8750.0,17175.717640610514,1,0,0,0,0,0,0.0,,,,0,,1,1
1,1,13,1.6,object,2,object_2,2,2,7,14,9,5,1,7,2,1,0.0,2500,1000,1000,2137.2564759529155,1000,1388.6417133604796,8125.0,17150.898189313397,1,1,6,2,1,2,3750.0,2.0,1.0,3.0,1,-1.0,1,1
1,1,15,1.6,shape,2,shape_2,3,3,9,18,15,8,1,9,2,1,0.0,2500,1000,1000,2275.0292948521233,0,1620.2152945342418,9375.0,17770.244589386366,1,0,0,0,0,0,0.0,,,,0,,1,1
1,1,17,1.6,animal,1,animal_1,4,4,4,7,6,3,2,4,1,1,0.0,2500,1000,1000,2045.7241458641038,0,1313.3579806398982,10625.0,18484.082126504003,1,0,0,0,0,0,0.0,,,,0,,1,1
1,1,17,1.6,face,2,face_2,5,5,3,6,5,3,1,3,2,1,0.0,2500,1000,1000,2669.7221428615658,0,1721.471785672728,10625.0,19516.193928534296,1,0,0,0,0,0,0.0,,,,0,,1,1
1,1,16,1.6,house,2,house_2,6,6,2,4,2,1,2,2,2,1,0.0,2500,1000,1000,2163.365385129379,0,1830.0218934616953,10000.0,18493.38727859107,1,0,0,0,0,0,0.0,,,,0,,1,1
1,1,14,1.6,tool,1,tool_1,7,7,5,9,5,3,1,5,1,1,0.0,2500,1000,1000,2050.189354438148,1000,1619.071335146929,8750.0,17919.260689585077,1,1,7,16,8,2,4375.0,9.0,1.0,17.0,-1,1.0,1,1
1,1,14,1.6,hand,1,hand_1,8,8,1,1,15,8,1,1,1,1,0.0,2500,1000,1000,2206.2402573853074,0,1852.5039246015467,8750.0,17308.744181986855,1,0,0,0,0,0,0.0,,,,0,,1,1
1,1,15,1.6,food,1,food_1,9,9,8,15,12,6,2,8,1,1,0.0,2500,1000,1000,2700.5558635272455,1000,1313.8757926949404,9375.0,18889.431656222187,1,1,11,8,4,2,6875.0,5.0,1.0,9.0,-1,1.0,1,1
1,2,12,2.0,tool,1,tool_1,10,10,5,9,3,2,1,5,1,1,9.0,2500,1000,1000,2051.810849032204,0,1405.3548285236004,6000.0,13966.165677555804,1,0,0,0,0,0,0.0,,,,0,,1,1
1,2,17,2.0,animal,1,animal_1,11,11,4,7,6,3,2,4,1,1,0.0,2500,1000,1000,2584.094392458031,0,1245.9025782172666,8500.0,16829.996970675296,1,0,0,0,0,0,0.0,,,,0,,1,1
1,2,14,2.0,object,2,object_2,12,12,7,14,10,5,2,7,2,1,0.0,2500,1000,1000,2582.698585753366,0,1360.4417373078093,7000.0,15443.140323061174,1,0,0,0,0,0,0.0,,,,0,,1,1
1,2,17,2.0,food,1,food_1,13,13,8,15,14,7,2,8,1,1,0.0,2500,1000,1000,2626.3611480952454,0,1403.3755119805724,8500.0,17029.736660075818,1,0,0,0,0,0,0.0,,,,0,,1,1
1,2,16,2.0,leg,1,leg_1,14,14,6,11,9,5,1,6,1,1,0.0,2500,1000,1000,2051.246280211586,0,1391.0791346695005,8000.0,15942.325414881087,1,0,0,0,0,0,0.0,,,,0,,1,1
1,2,15,2.0,shape,2,shape_2,15,15,9,18,15,8,1,9,2,1,0.0,2500,1000,1000,2625.0573339584002,0,1473.1250249046745,7500.0,16098.182358863076,1,0,0,0,0,0,0.0,,,,0,,1,1
1,2,12,2.0,house,2,house_2,16,16,2,4,16,8,2,2,2,1,0.0,2500,1000,1000,2119.7251786411575,0,1497.8106467906891,6000.0,14117.535825431847,1,0,0,0,0,0,0.0,,,,0,,1,1
1,2,14,2.0,hand,1,hand_1,17,17,1,1,15,8,1,1,1,1,0.0,2500,1000,1000,2514.1474717125925,0,1115.2191258416071,7000.0,15129.366597554199,1,0,0,0,0,0,0.0,,,,0,,1,1
1,2,15,2.0,face,2,face_2,18,18,3,6,3,2,1,3,2,1,0.0,2500,1000,1000,2227.9636610638718,0,1281.1502831692217,7500.0,15509.113944233093,1,0,0,0,0,0,0.0,,,,0,,1,1
1,3,12,1.6,tool,2,tool_2,19,19,5,10,4,2,2,5,2,1,11.25,2500,1000,1000,2794.271707679315,1000,1515.7815511302238,7500.0,17321.303258809538,0,1,6,16,8,2,3750.0,9.0,1.0,17.0,1,-1.0,1,1
1,3,13,1.6,house,1,house_1,20,20,2,3,16,8,2,2,1,1,0.0,2500,1000,1000,2905.0317887905117,0,1440.1818984379688,8125.0,16970.21368722848,0,0,0,0,0,0,0.0,,,,0,,1,1
1,3,13,1.6,leg,2,leg_2,21,21,6,12,7,4,1,6,2,1,0.0,2500,1000,1000,2816.5574373339873,0,1281.4747655300994,8125.0,16723.032202864088,0,0,0,0,0,0,0.0,,,,0,,1,1
1,3,16,1.6,object,1,object_1,22,22,7,13,11,6,1,7,1,1,0.0,2500,1000,1000,2013.9704406445626,0,1670.775343582151,10000.0,18184.745784226714,0,0,0,0,0,0,0.0,,,,0,,1,1
1,3,12,1.6,face,1,face_1,23,23,3,5,17,9,1,3,1,1,0.0,2500,1000,1000,2287.363093101289,0,1479.8800195062715,7500.0,15767.24311260756,0,0,0,0,0,0,0.0,,,,0,,1,1
1,3,15,1.6,hand,2,hand_2,24,24,1,2,17,9,1,1,2,1,0.0,2500,1000,1000,2006.7998209606822,0,1251.5401293200437,9375.0,17133.339950280726,0,0,0,0,0,0,0.0,,,,0,,1,1
1,3,17,1.6,animal,2,animal_2,25,25,4,8,7,4,1,4,2,1,0.0,2500,1000,1000,2310.5069836266157,1000,1427.5004460599287,10625.0,19863.007429686542,0,1,12,2,1,2,7500.0,2.0,1.0,3.0,-1,1.0,1,1
1,3,12,1.6,shape,1,shape_1,26,26,9,17,11,6,1,9,1,1,0.0,2500,1000,1000,2256.563758793607,0,1544.898678538399,7500.0,15801.462437332006,0,0,0,0,0,0,0.0,,,,0,,1,1
1,3,16,1.6,food,2,food_2,27,27,8,16,14,7,2,8,2,1,0.0,2500,1000,1000,2007.3971728377167,0,1320.7751045412713,10000.0,17828.172277378988,0,0,0,0,0,0,0.0,,,,0,,1,1
1,4,13,2.0,food,2,food_2,28,28,8,16,11,6,1,8,2,1,9.0,2500,1000,1000,2150.4776348199816,0,1187.139021308595,6500.0,14346.616656128575,0,0,0,0,0,0,0.0,,,,0,,1,1
1,4,13,2.0,house,1,house_1,29,29,2,3,16,8,2,2,1,1,0.0,2500,1000,1000,2307.378344641736,1000,1176.8730433302123,6500.0,15484.251387971948,0,1,9,12,6,2,4500.0,7.0,1.0,13.0,-1,1.0,1,1
1,4,17,2.0,animal,2,animal_2,30,30,4,8,7,4,1,4,2,1,0.0,2500,1000,1000,2223.185045407393,0,1273.996080084198,8500.0,16497.181125491592,0,0,0,0,0,0,0.0,,,,0,,1,1
1,4,15,2.0,face,1,face_1,31,31,3,5,2,1,2,3,1,1,0.0,2500,1000,1000,2354.584994529951,0,1212.535273684884,7500.0,15567.120268214834,0,0,0,0,0,0,0.0,,,,0,,1,1
1,4,12,2.0,object,1,object_1,32,32,7,13,7,4,1,7,1,1,0.0,2500,1000,1000,2585.143400726703,0,1041.0569160207294,6000.0,14126.200316747432,0,0,0,0,0,0,0.0,,,,0,,1,1
1,4,16,2.0,shape,1,shape_1,33,33,9,17,15,8,1,9,1,1,0.0,2500,1000,1000,2161.5599022767415,0,1327.7898556753416,8000.0,15989.349757952084,0,0,0,0,0,0,0.0,,,,0,,1,1
1,4,14,2.0,tool,2,tool_2,34,34,5,10,6,3,2,5,2,1,0.0,2500,1000,1000,2877.8263435187923,0,1149.6781202168484,7000.0,15527.50446373564,0,0,0,0,0,0,0.0,,,,0,,1,1
1,4,13,2.0,leg,2,leg_2,35,35,6,12,7,4,1,6,2,1,0.0,2500,1000,1000,2701.6338075807153,0,1164.6447851541354,6500.0,14866.27859273485,0,0,0,0,0,0,0.0,,,,0,,1,1
1,4,16,2.0,hand,2,hand_2,36,36,1,2,18,9,2,1,2,1,0.0,2500,1000,1000,2812.975361086379,0,1461.3437523694538,8000.0,16774.319113455833,0,0,0,0,0,0,0.0,,,,0,,1,1
2,1,15,2.0,tool,2,tool_2,1,37,5,10,7,4,1,5,2,1,9.0,2500,1000,1000,2758.284915275394,0,1282.461040421291,7500.0,16049.745955696684,1,0,0,0,0,0,0.0,,,,0,,1,1
2,1,16,2.0,face,2,face_2,2,38,3,6,4,2,2,3,2,1,0.0,2500,1000,1000,2790.109586284721,1000,1474.2862676615096,8000.0,17764.395853946233,1,1,11,17,9,1,5500.0,10.0,2.0,20.0,-1,1.0,1,1
2,1,14,2.0,house,1,house_1,3,39,2,3,17,9,1,2,1,1,0.0,2500,1000,1000,2623.446789575183,0,1102.746236962409,7000.0,15226.193026537592,1,0,0,0,0,0,0.0,,,,0,,1,1
2,1,14,2.0,food,2,food_2,4,40,8,16,12,6,2,8,2,1,0.0,2500,1000,1000,2709.7592390580107,0,1353.676178736749,7000.0,15563.435417794759,1,0,0,0,0,0,0.0,,,,0,,1,1
2,1,13,2.0,object,1,object_1,5,41,7,13,8,4,2,7,1,1,0.0,2500,1000,1000,2075.887166816283,0,1371.4863144802127,6500.0,14447.373481296496,1,0,0,0,0,0,0.0,,,,0,,1,1
2,1,17,2.0,leg,1,leg_1,6,42,6,11,10,5,2,6,1,1,0.0,2500,1000,1000,2900.0034051731495,0,1481.6826366662228,8500.0,17381.68604183937,1,0,0,0,0,0,0.0,,,,0,,1,1
2,1,17,2.0,hand,2,hand_2,7,43,1,2,1,1,1,1,2,1,0.0,2500,1000,1000,2173.7806995979668,0,1114.7017949838964,8500.0,16288.482494581862,1,0,0,0,0,0,0.0,,,,0,,1,1
2,1,17,2.0,shape,1,shape_1,8,44,9,17,16,8,2,9,1,1,0.0,2500,1000,1000,2712.097561624179,0,1292.7342881493098,8500.0,17004.831849773487,1,0,0,0,0,0,0.0,,,,0,,1,1
2,1,12,2.0,animal,1,animal_1,9,45,4,7,1,1,1,4,1,1,0.0,2500,1000,1000,2316.331381277985,0,1358.2461028638647,6000.0,14174.57748414185,1,0,0,0,0,0,0.0,,,,0,,1,1
2,2,15,1.6,leg,1,leg_1,10,46,6,11,8,4,2,6,1,1,11.25,2500,1000,1000,2467.0359382651704,0,1626.3435351307842,9375.0,17979.629473395955,1,0,0,0,0,0,0.0,,,,0,,1,1
2,2,12,1.6,animal,1,animal_1,11,47,4,7,1,1,1,4,1,1,0.0,2500,1000,1000,2304.656295966893,0,1254.6888267478623,7500.0,15559.345122714756,1,0,0,0,0,0,0.0,,,,0,,1,1
2,2,16,1.6,hand,2,hand_2,12,48,1,2,18,9,2,1,2,1,0.0,2500,1000,1000,2415.361033362975,0,1725.025237463195,10000.0,18640.38627082617,1,0,0,0,0,0,0.0,,,,0,,1,1
2,2,13,1.6,shape,1,shape_1,13,49,9,17,12,6,2,9,1,1,0.0,2500,1000,1000,2669.408689574305,1000,1595.8542487462446,8125.0,17890.26293832055,1,1,7,6,3,2,4375.0,4.0,1.0,7.0,-1,1.0,1,1
2,2,13,1.6,tool,2,tool_2,14,50,5,10,5,3,1,5,2,1,0.0,2500,1000,1000,2634.919012146649,0,1399.7985554449021,8125.0,16659.71756759155,1,0,0,0,0,0,0.0,,,,0,,1,1
2,2,16,1.6,food,1,food_1,15,51,8,15,13,7,1,8,1,1,0.0,2500,1000,1000,2398.4627038309327,0,1263.5272346402385,10000.0,18161.98993847117,1,0,0,0,0,0,0.0,,,,0,,1,1
2,2,13,1.6,face,1,face_1,16,52,3,5,18,9,2,3,1,1,0.0,2500,1000,1000,2387.114418384093,0,1351.3965327913954,8125.0,16363.510951175489,1,0,0,0,0,0,0.0,,,,0,,1,1
2,2,14,1.6,object,2,object_2,17,53,7,14,10,5,2,7,2,1,0.0,2500,1000,1000,2555.431847946702,1000,1543.588950327341,8750.0,18349.020798274043,1,1,10,6,3,2,6250.0,4.0,1.0,7.0,-1,1.0,1,1
2,2,17,1.6,house,2,house_2,18,54,2,4,3,2,1,2,2,1,0.0,2500,1000,1000,2575.5163447693467,0,1435.0661278656787,10625.0,19135.582472635026,1,0,0,0,0,0,0.0,,,,0,,1,1
2,3,15,2.0,hand,1,hand_1,19,55,1,1,16,8,2,1,1,1,9.0,2500,1000,1000,2884.775660454542,0,1088.3907610942424,7500.0,15982.166421548784,1,0,0,0,0,0,0.0,,,,0,,1,1
2,3,13,2.0,house,2,house_2,20,56,2,4,17,9,1,2,2,1,0.0,2500,1000,1000,2160.742774391193,1000,1230.9827165781705,6500.0,15391.725490969364,1,1,7,11,6,1,3500.0,7.0,2.0,14.0,-1,1.0,1,1
2,3,12,2.0,food,1,food_1,21,57,8,15,9,5,1,8,1,1,0.0,2500,1000,1000,2518.848343439067,0,1056.0266250225234,6000.0,14074.87496846159,1,0,0,0,0,0,0.0,,,,0,,1,1
2,3,13,2.0,tool,1,tool_1,22,58,5,9,4,2,2,5,1,1,0.0,2500,1000,1000,2666.256951105496,0,1160.6129129451383,6500.0,14826.869864050634,1,0,0,0,0,0,0.0,,,,0,,1,1
2,3,12,2.0,animal,2,animal_2,23,59,4,8,2,1,2,4,2,1,0.0,2500,1000,1000,2296.0573002143387,0,1039.7036604508971,6000.0,13835.760960665237,1,0,0,0,0,0,0.0,,,,0,,1,1
2,3,15,2.0,object,2,object_2,24,60,7,14,11,6,1,7,2,1,0.0,2500,1000,1000,2695.6868193060486,0,1493.7520297229926,7500.0,16189.438849029042,1,0,0,0,0,0,0.0,,,,0,,1,1
2,3,14,2.0,leg,2,leg_2,25,61,6,12,8,4,2,6,2,1,0.0,2500,1000,1000,2034.919259121085,0,1411.7357231022922,7000.0,14946.654982223377,1,0,0,0,0,0,0.0,,,,0,,1,1
2,3,16,2.0,shape,2,shape_2,26,62,9,18,16,8,2,9,2,1,0.0,2500,1000,1000,2638.3215261935816,1000,1119.2100847636225,8000.0,17257.531610957205,1,1,10,10,5,2,5000.0,6.0,1.0,11.0,-1,1.0,1,1
2,3,16,2.0,face,1,face_1,27,63,3,5,3,2,1,3,1,1,0.0,2500,1000,1000,2526.6750036605226,0,1057.5767880779763,8000.0,16084.2517917385,1,0,0,0,0,0,0.0,,,,0,,1,1
2,4,15,1.6,tool,1,tool_1,28,64,5,9,6,3,2,5,1,1,11.25,2500,1000,1000,2421.768166034744,0,1632.6538840378882,9375.0,17940.672050072633,1,0,0,0,0,0,0.0,,,,0,,1,1
2,4,12,1.6,face,2,face_2,29,65,3,6,18,9,2,3,2,1,0.0,2500,1000,1000,2633.4371189641156,1000,1679.1107638873038,7500.0,17312.547882851417,1,1,8,14,7,2,5000.0,8.0,1.0,15.0,1,-1.0,1,1
2,4,14,1.6,leg,2,leg_2,30,66,6,12,8,4,2,6,2,1,0.0,2500,1000,1000,2336.834322033287,0,1554.937263456709,8750.0,17141.771585489994,1,0,0,0,0,0,0.0,,,,0,,1,1
2,4,12,1.6,animal,2,animal_2,31,67,4,8,2,1,2,4,2,1,0.0,2500,1000,1000,2096.3923895420967,0,1363.0281569351557,7500.0,15459.420546477253,1,0,0,0,0,0,0.0,,,,0,,1,1
2,4,17,1.6,object,1,object_1,32,68,7,13,12,6,2,7,1,1,0.0,2500,1000,1000,2536.4558975313143,0,1383.210356263634,10625.0,19044.66625379495,1,0,0,0,0,0,0.0,,,,0,,1,1
2,4,14,1.6,house,1,house_1,33,69,2,3,17,9,1,2,1,1,0.0,2500,1000,1000,2021.9949843612524,0,1384.4625425959298,8750.0,16656.45752695718,1,0,0,0,0,0,0.0,,,,0,,1,1
2,4,17,1.6,food,2,food_2,34,70,8,16,15,8,1,8,2,1,0.0,2500,1000,1000,2019.0702520237824,0,1712.4491192846258,10625.0,18856.519371308408,1,0,0,0,0,0,0.0,,,,0,,1,1
2,4,15,1.6,hand,1,hand_1,35,71,1,1,16,8,2,1,1,1,0.0,2500,1000,1000,2493.4566041567537,0,1272.949895413381,9375.0,17641.406499570134,1,0,0,0,0,0,0.0,,,,0,,1,1
2,4,16,1.6,shape,2,shape_2,36,72,9,18,16,8,2,9,2,1,0.0,2500,1000,1000,2916.8310848694946,0,1378.7990076905292,10000.0,18795.630092560023,1,0,0,0,0,0,0.0,,,,0,,1,1
3,1,17,1.6,food,1,food_1,1,73,8,15,14,7,2,8,1,1,11.25,2500,1000,1000,2127.8331559538583,0,1798.8650143928658,10625.0,19062.948170346725,1,0,0,0,0,0,0.0,,,,0,,1,1
3,1,16,1.6,leg,1,leg_1,2,74,6,11,9,5,1,6,1,1,0.0,2500,1000,1000,2545.349324255484,0,1482.6891790326433,10000.0,18528.038503288128,1,0,0,0,0,0,0.0,,,,0,,1,1
3,1,16,1.6,hand,1,hand_1,3,75,1,1,17,9,1,1,1,1,0.0,2500,1000,1000,2389.4724786449174,0,1310.9910038773942,10000.0,18200.46348252231,1,0,0,0,0,0,0.0,,,,0,,1,1
3,1,12,1.6,house,2,house_2,4,76,2,4,16,8,2,2,2,1,0.0,2500,1000,1000,2393.676491540454,0,1706.3498282304906,7500.0,16100.026319770945,1,0,0,0,0,0,0.0,,,,0,,1,1
3,1,12,1.6,object,1,object_1,5,77,7,13,7,4,1,7,1,1,0.0,2500,1000,1000,2857.2328202936524,0,1677.9743847741577,7500.0,16535.20720506781,1,0,0,0,0,0,0.0,,,,0,,1,1
3,1,14,1.6,tool,2,tool_2,6,78,5,10,6,3,2,5,2,1,0.0,2500,1000,1000,2773.545559580994,0,1635.9523326312133,8750.0,17659.49789221221,1,0,0,0,0,0,0.0,,,,0,,1,1
3,1,13,1.6,face,2,face_2,7,79,3,6,1,1,1,3,2,1,0.0,2500,1000,1000,2035.0751042949455,0,1411.6397376994073,8125.0,16071.714841994351,1,0,0,0,0,0,0.0,,,,0,,1,1
3,1,13,1.6,animal,2,animal_2,8,80,4,8,3,2,1,4,2,1,0.0,2500,1000,1000,2130.1399588240834,1000,1277.6375285893428,8125.0,17032.777487413427,1,1,7,15,8,1,4375.0,9.0,2.0,18.0,1,-1.0,1,1
3,1,14,1.6,shape,1,shape_1,9,81,9,17,13,7,1,9,1,1,0.0,2500,1000,1000,2047.4271387991014,0,1357.175840988405,8750.0,16654.602979787505,1,0,0,0,0,0,0.0,,,,0,,1,1
3,2,17,2.0,face,1,face_1,10,82,3,5,4,2,2,3,1,1,9.0,2500,1000,1000,2518.0604355175165,0,1090.9269914948113,8500.0,16617.987427012325,1,0,0,0,0,0,0.0,,,,0,,1,1
3,2,13,2.0,animal,1,animal_1,11,83,4,7,2,1,2,4,1,1,0.0,2500,1000,1000,2070.7188277060204,0,1071.6159916904398,6500.0,14142.33481939646,1,0,0,0,0,0,0.0,,,,0,,1,1
3,2,15,2.0,food,2,food_2,12,84,8,16,13,7,1,8,2,1,0.0,2500,1000,1000,2338.3479720166265,0,1240.7971561959557,7500.0,15579.145128212582,1,0,0,0,0,0,0.0,,,,0,,1,1
3,2,14,2.0,house,2,house_2,13,85,2,4,18,9,2,2,2,1,0.0,2500,1000,1000,2094.819823978456,0,1231.9583088779375,7000.0,14826.778132856394,1,0,0,0,0,0,0.0,,,,0,,1,1
3,2,12,2.0,leg,1,leg_1,14,86,6,11,5,3,1,6,1,1,0.0,2500,1000,1000,2095.7774301398986,1000,1095.575910124592,6000.0,14691.35334026449,1,1,7,18,9,2,3500.0,10.0,1.0,19.0,1,-1.0,1,1
3,2,14,2.0,object,1,object_1,15,87,7,13,9,5,1,7,1,1,0.0,2500,1000,1000,2113.931136764157,1000,1158.1095845585144,7000.0,15772.040721322672,1,1,8,3,2,1,4000.0,3.0,2.0,6.0,-1,1.0,1,1
3,2,14,2.0,tool,1,tool_1,16,88,5,9,5,3,1,5,1,1,0.0,2500,1000,1000,2683.549268629501,1000,1319.4874719476602,7000.0,16503.03674057716,1,1,10,1,1,1,5000.0,2.0,2.0,4.0,1,-1.0,1,1
3,2,12,2.0,shape,1,shape_1,17,89,9,17,11,6,1,9,1,1,0.0,2500,1000,1000,2039.8472151977844,0,1333.5999868486913,6000.0,13873.447202046475,1,0,0,0,0,0,0.0,,,,0,,1,1
3,2,16,2.0,hand,1,hand_1,18,90,1,1,17,9,1,1,1,1,0.0,2500,1000,1000,2795.6979531615484,0,1340.7249986256766,8000.0,16636.422951787226,1,0,0,0,0,0,0.0,,,,0,,1,1
3,3,17,1.6,shape,2,shape_2,19,91,9,18,17,9,1,9,2,1,11.25,2500,1000,1000,2703.7854315024783,1000,1453.7371444033938,10625.0,20293.772575905874,1,1,12,12,6,2,7500.0,7.0,1.0,13.0,1,-1.0,1,1
3,3,17,1.6,hand,2,hand_2,20,92,1,2,1,1,1,1,2,1,0.0,2500,1000,1000,2933.880198733675,0,1657.661474538532,10625.0,19716.541673272208,1,0,0,0,0,0,0.0,,,,0,,1,1
3,3,12,1.6,food,2,food_2,21,93,8,16,10,5,2,8,2,1,0.0,2500,1000,1000,2590.4203060498094,0,1426.3510626737852,7500.0,16016.771368723596,1,0,0,0,0,0,0.0,,,,0,,1,1
3,3,15,1.6,house,1,house_1,22,94,2,3,18,9,2,2,1,1,0.0,2500,1000,1000,2169.3315510563984,0,1590.37280246601,9375.0,17634.704353522407,1,0,0,0,0,0,0.0,,,,0,,1,1
3,3,15,1.6,leg,2,leg_2,23,95,6,12,9,5,1,6,2,1,0.0,2500,1000,1000,2882.7528354265137,0,1333.7991669280727,9375.0,18091.552002354587,1,0,0,0,0,0,0.0,,,,0,,1,1
3,3,16,1.6,tool,1,tool_1,24,96,5,9,7,4,1,5,1,1,0.0,2500,1000,1000,2512.680803940402,0,1282.8537457670066,10000.0,18295.53454970741,1,0,0,0,0,0,0.0,,,,0,,1,1
3,3,14,1.6,face,1,face_1,25,97,3,5,1,1,1,3,1,1,0.0,2500,1000,1000,2017.1815672840246,0,1764.4781622806045,8750.0,17031.659729564628,1,0,0,0,0,0,0.0,,,,0,,1,1
3,3,13,1.6,animal,1,animal_1,26,98,4,7,2,1,2,4,1,1,0.0,2500,1000,1000,2519.819478506647,0,1245.0248332986664,8125.0,16389.84431180531,1,0,0,0,0,0,0.0,,,,0,,1,1
3,3,15,1.6,object,2,object_2,27,99,7,14,11,6,1,7,2,1,0.0,2500,1000,1000,2709.2928170740634,0,1540.2301595677663,9375.0,18124.52297664183,1,0,0,0,0,0,0.0,,,,0,,1,1
3,4,12,2.0,hand,2,hand_2,28,100,1,2,14,7,2,1,2,1,9.0,2500,1000,1000,2375.274635807168,0,1139.3153239382852,6000.0,14023.589959745454,1,0,0,0,0,0,0.0,,,,0,,1,1
3,4,16,2.0,tool,2,tool_2,29,101,5,10,8,4,2,5,2,1,0.0,2500,1000,1000,2467.987658378765,0,1456.8465068494502,8000.0,16424.834165228214,1,0,0,0,0,0,0.0,,,,0,,1,1
3,4,17,2.0,shape,2,shape_2,30,102,9,18,17,9,1,9,2,1,0.0,2500,1000,1000,2680.5768605675717,1000,1062.0962473955565,8500.0,17742.673107963128,1,1,13,13,7,1,6500.0,8.0,2.0,16.0,1,-1.0,1,1
3,4,15,2.0,leg,2,leg_2,31,103,6,12,9,5,1,6,2,1,0.0,2500,1000,1000,2271.205847306534,0,1141.8006097450118,7500.0,15413.006457051546,1,0,0,0,0,0,0.0,,,,0,,1,1
3,4,15,2.0,house,1,house_1,32,104,2,3,18,9,2,2,1,1,0.0,2500,1000,1000,2557.5476697814793,0,1152.2517154972743,7500.0,15709.799385278753,1,0,0,0,0,0,0.0,,,,0,,1,1
3,4,13,2.0,food,1,food_1,33,105,8,15,10,5,2,8,1,1,0.0,2500,1000,1000,2976.0966789049116,0,1010.0999363079022,6500.0,14986.196615212813,1,0,0,0,0,0,0.0,,,,0,,1,1
3,4,13,2.0,animal,2,animal_2,34,106,4,8,3,2,1,4,2,1,0.0,2500,1000,1000,2472.3611146724775,0,1313.9543253447325,6500.0,14786.31544001721,1,0,0,0,0,0,0.0,,,,0,,1,1
3,4,17,2.0,face,2,face_2,35,107,3,6,5,3,1,3,2,1,0.0,2500,1000,1000,2067.16553083098,0,1417.5696230078897,8500.0,16484.73515383887,1,0,0,0,0,0,0.0,,,,0,,1,1
3,4,16,2.0,object,2,object_2,36,108,7,14,12,6,2,7,2,1,0.0,2500,1000,1000,2269.281259899742,0,1062.3983845549803,8000.0,15831.679644454722,1,0,0,0,0,0,0.0,,,,0,,1,1
4,1,12,2.0,face,1,face_1,1,109,3,5,17,9,1,3,1,1,9.0,2500,1000,1000,2259.4378835525386,0,1023.6984000695941,6000.0,13792.136283622132,1,0,0,0,0,0,0.0,,,,0,,1,1
4,1,15,2.0,object,1,object_1,2,110,7,13,10,5,2,7,1,1,0.0,2500,1000,1000,2229.590747541601,0,1484.2163351996746,7500.0,15713.807082741276,1,0,0,0,0,0,0.0,,,,0,,1,1
4,1,14,2.0,animal,1,animal_1,3,111,4,7,3,2,1,4,1,1,0.0,2500,1000,1000,2634.2359848527717,0,1392.553386593374,7000.0,15526.789371446146,1,0,0,0,0,0,0.0,,,,0,,1,1
4,1,16,2.0,leg,2,leg_2,4,112,6,12,10,5,2,6,2,1,0.0,2500,1000,1000,2086.335717247724,0,1385.922278795116,8000.0,15972.257996042841,1,0,0,0,0,0,0.0,,,,0,,1,1
4,1,15,2.0,tool,1,tool_1,5,113,5,9,6,3,2,5,1,1,0.0,2500,1000,1000,2183.262365522774,0,1056.8859132673879,7500.0,15240.148278790162,1,0,0,0,0,0,0.0,,,,0,,1,1
4,1,12,2.0,shape,2,shape_2,6,114,9,18,12,6,2,9,2,1,0.0,2500,1000,1000,2862.8938761496993,0,1065.8009649920273,6000.0,14428.694841141727,1,0,0,0,0,0,0.0,,,,0,,1,1
4,1,16,2.0,food,2,food_2,7,115,8,16,14,7,2,8,2,1,0.0,2500,1000,1000,2222.7940625226747,0,1450.7385921141454,8000.0,16173.53265463682,1,0,0,0,0,0,0.0,,,,0,,1,1
4,1,15,2.0,house,2,house_2,8,116,2,4,1,1,1,2,2,1,0.0,2500,1000,1000,2685.681153257582,0,1330.8100627293843,7500.0,16016.491215986967,1,0,0,0,0,0,0.0,,,,0,,1,1
4,1,17,2.0,hand,1,hand_1,9,117,1,1,18,9,2,1,1,1,0.0,2500,1000,1000,2879.957146046181,0,1468.6906444720225,8500.0,17348.647790518204,1,0,0,0,0,0,0.0,,,,0,,1,1
4,2,15,1.6,shape,1,shape_1,10,118,9,17,14,7,2,9,1,1,11.25,2500,1000,1000,2589.445080769088,0,1349.4097240592425,9375.0,17825.10480482833,1,0,0,0,0,0,0.0,,,,0,,1,1
4,2,14,1.6,animal,2,animal_2,11,119,4,8,4,2,2,4,2,1,0.0,2500,1000,1000,2406.2374450978964,0,1819.2787133282825,8750.0,17475.51615842618,1,0,0,0,0,0,0.0,,,,0,,1,1
4,2,13,1.6,food,2,food_2,12,120,8,16,11,6,1,8,2,1,0.0,2500,1000,1000,2016.649172524185,0,1733.439880930292,8125.0,16375.089053454478,1,0,0,0,0,0,0.0,,,,0,,1,1
4,2,17,1.6,hand,1,hand_1,13,121,1,1,18,9,2,1,1,1,0.0,2500,1000,1000,2383.4304120871134,0,1409.1756257713246,10625.0,18917.606037858437,1,0,0,0,0,0,0.0,,,,0,,1,1
4,2,16,1.6,leg,2,leg_2,14,122,6,12,10,5,2,6,2,1,0.0,2500,1000,1000,2253.451211214468,1000,1337.882554577025,10000.0,19091.333765791493,1,1,11,5,3,1,6875.0,2.0,2.0,4.0,-1,1.0,1,1
4,2,16,1.6,object,2,object_2,15,123,7,14,12,6,2,7,2,1,0.0,2500,1000,1000,2385.2649392691947,0,1857.715620887703,10000.0,18742.980560156895,1,0,0,0,0,0,0.0,,,,0,,1,1
4,2,17,1.6,tool,1,tool_1,16,124,5,9,8,4,2,5,1,1,0.0,2500,1000,1000,2377.2238943550847,0,1506.903738416221,10625.0,19009.127632771306,1,0,0,0,0,0,0.0,,,,0,,1,1
4,2,14,1.6,face,2,face_2,17,125,3,6,2,1,2,3,2,1,0.0,2500,1000,1000,2040.835029310795,0,1739.1093302446902,8750.0,17029.944359555484,1,0,0,0,0,0,0.0,,,,0,,1,1
4,2,13,1.6,house,2,house_2,18,126,2,4,17,9,1,2,2,1,0.0,2500,1000,1000,2848.9459897494935,0,1276.3843004108246,8125.0,16750.330290160317,1,0,0,0,0,0,0.0,,,,0,,1,1
4,3,14,2.0,food,1,food_1,19,127,8,15,11,6,1,8,1,1,9.0,2500,1000,1000,2289.418181492428,0,1054.3332342653723,7000.0,14852.7514157578,1,0,0,0,0,0,0.0,,,,0,,1,1
4,3,17,2.0,tool,2,tool_2,20,128,5,10,9,5,1,5,2,1,0.0,2500,1000,1000,2937.1880166008837,1000,1010.7445379828197,8500.0,17947.932554583705,1,1,12,4,2,2,6000.0,1.0,1.0,1.0,-1,1.0,1,1
4,3,13,2.0,leg,1,leg_1,21,129,6,11,6,3,2,6,1,1,0.0,2500,1000,1000,2748.144236783203,0,1438.5050824669613,6500.0,15186.649319250164,1,0,0,0,0,0,0.0,,,,0,,1,1
4,3,13,2.0,hand,2,hand_2,22,130,1,2,15,8,1,1,2,1,0.0,2500,1000,1000,2038.5626207067062,0,1166.1153701074225,6500.0,14204.677990814129,1,0,0,0,0,0,0.0,,,,0,,1,1
4,3,12,2.0,face,2,face_2,23,131,3,6,18,9,2,3,2,1,0.0,2500,1000,1000,2662.8953530874282,0,1391.2442990564284,6000.0,14554.139652143856,1,0,0,0,0,0,0.0,,,,0,,1,1
4,3,14,2.0,animal,2,animal_2,24,132,4,8,4,2,2,4,2,1,0.0,2500,1000,1000,2334.3591417361026,1000,1140.5593154213366,7000.0,15974.918457157439,1,1,8,16,8,2,4000.0,7.0,1.0,13.0,1,-1.0,1,1
4,3,16,2.0,house,1,house_1,25,133,2,3,1,1,1,2,1,1,0.0,2500,1000,1000,2014.8436536809786,0,1116.7567705139556,8000.0,15631.600424194934,1,0,0,0,0,0,0.0,,,,0,,1,1
4,3,17,2.0,object,2,object_2,26,134,7,14,13,7,1,7,2,1,0.0,2500,1000,1000,2054.154662518566,1000,1068.0585200513422,8500.0,17122.213182569907,1,1,9,5,3,1,4500.0,2.0,2.0,4.0,-1,1.0,1,1
4,3,13,2.0,shape,1,shape_1,27,135,9,17,12,6,2,9,1,1,0.0,2500,1000,1000,2313.1918232960907,0,1450.5434964242422,6500.0,14763.735319720334,1,0,0,0,0,0,0.0,,,,0,,1,1
4,4,12,1.6,hand,2,hand_2,28,136,1,2,14,7,2,1,2,1,11.25,2500,1000,1000,2397.951917947748,0,1464.8902809433794,7500.0,15874.092198891129,1,0,0,0,0,0,0.0,,,,0,,1,1
4,4,14,1.6,animal,1,animal_1,29,137,4,7,3,2,1,4,1,1,0.0,2500,1000,1000,2399.2802384366905,0,1650.451747167728,8750.0,17299.73198560442,1,0,0,0,0,0,0.0,,,,0,,1,1
4,4,15,1.6,tool,2,tool_2,30,138,5,10,7,4,1,5,2,1,0.0,2500,1000,1000,2033.1872735868092,0,1240.9052769786401,9375.0,17149.09255056545,1,0,0,0,0,0,0.0,,,,0,,1,1
4,4,17,1.6,leg,1,leg_1,31,139,6,11,10,5,2,6,1,1,0.0,2500,1000,1000,2582.83951979407,0,1439.4817529753682,10625.0,19147.321272769437,1,0,0,0,0,0,0.0,,,,0,,1,1
4,4,15,1.6,face,1,face_1,32,140,3,5,2,1,2,3,1,1,0.0,2500,1000,1000,2896.188850745521,1000,1798.9797647127436,9375.0,19570.168615458264,1,1,8,13,7,1,5000.0,6.0,2.0,12.0,1,-1.0,1,1
4,4,16,1.6,house,1,house_1,33,141,2,3,1,1,1,2,1,1,0.0,2500,1000,1000,2047.6392916898067,0,1431.528070972586,10000.0,17979.167362662392,1,0,0,0,0,0,0.0,,,,0,,1,1
4,4,13,1.6,object,1,object_1,34,142,7,13,8,4,2,7,1,1,0.0,2500,1000,1000,2019.4149729310232,0,1420.7964818740375,8125.0,16065.21145480506,1,0,0,0,0,0,0.0,,,,0,,1,1
4,4,12,1.6,food,1,food_1,35,143,8,15,9,5,1,8,1,1,0.0,2500,1000,1000,2387.018765240073,0,1499.1874662250534,7500.0,15886.206231465127,1,0,0,0,0,0,0.0,,,,0,,1,1
4,4,12,1.6,shape,2,shape_2,36,144,9,18,12,6,2,9,2,1,0.0,2500,1000,1000,2137.4476947499143,1000,1727.320383889531,7500.0,16864.768078639445,1,1,8,8,4,2,5000.0,3.0,1.0,5.0,1,-1.0,1,1
5,1,13,1.6,food,1,food_1,1,145,8,15,10,5,2,8,1,1,11.25,2500,1000,1000,2380.343895695558,1000,1657.9664759912255,8125.0,17674.560371686784,1,1,9,6,3,2,5625.0,2.0,1.0,3.0,1,-1.0,1,1
5,1,15,1.6,face,2,face_2,2,146,3,6,3,2,1,3,2,1,0.0,2500,1000,1000,2487.4586390406457,0,1830.2447140387435,9375.0,18192.70335307939,1,0,0,0,0,0,0.0,,,,0,,1,1
5,1,12,1.6,hand,1,hand_1,3,147,1,1,13,7,1,1,1,1,0.0,2500,1000,1000,2009.8342427259759,0,1496.2677562840488,7500.0,15506.101999010025,1,0,0,0,0,0,0.0,,,,0,,1,1
5,1,17,1.6,object,2,object_2,4,148,7,14,13,7,1,7,2,1,0.0,2500,1000,1000,2215.8890437988016,0,1380.2768095634635,10625.0,18721.165853362265,1,0,0,0,0,0,0.0,,,,0,,1,1
5,1,15,1.6,animal,1,animal_1,5,149,4,7,4,2,2,4,1,1,0.0,2500,1000,1000,2976.6100029320037,0,1600.2700571185308,9375.0,18451.880060050535,1,0,0,0,0,0,0.0,,,,0,,1,1
5,1,16,1.6,shape,1,shape_1,6,150,9,17,15,8,1,9,1,1,0.0,2500,1000,1000,2161.070040279459,0,1308.7737746030036,10000.0,17969.843814882464,1,0,0,0,0,0,0.0,,,,0,,1,1
5,1,12,1.6,leg,1,leg_1,7,151,6,11,5,3,1,6,1,1,0.0,2500,1000,1000,2502.365354638854,0,1745.4118616129206,7500.0,16247.777216251774,1,0,0,0,0,0,0.0,,,,0,,1,1
5,1,16,1.6,tool,2,tool_2,8,152,5,10,8,4,2,5,2,1,0.0,2500,1000,1000,2595.799687849522,0,1614.8150326652274,10000.0,18710.61472051475,1,0,0,0,0,0,0.0,,,,0,,1,1
5,1,14,1.6,house,2,house_2,9,153,2,4,18,9,2,2,2,1,0.0,2500,1000,1000,2090.880837363085,0,1827.7096372778792,8750.0,17168.590474640965,1,0,0,0,0,0,0.0,,,,0,,1,1
5,2,15,2.0,animal,1,animal_1,10,154,4,7,4,2,2,4,1,1,9.0,2500,1000,1000,2431.6426340429975,0,1148.4334776880391,7500.0,15589.076111731036,1,0,0,0,0,0,0.0,,,,0,,1,1
5,2,13,2.0,shape,2,shape_2,11,155,9,18,13,7,1,9,2,1,0.0,2500,1000,1000,2714.9539643887,1000,1063.5811151677071,6500.0,15778.535079556408,1,1,8,8,4,2,4000.0,3.0,1.0,5.0,1,-1.0,1,1
5,2,16,2.0,object,1,object_1,12,156,7,13,11,6,1,7,1,1,0.0,2500,1000,1000,2187.7021299945363,0,1430.1702903320233,8000.0,16117.87242032656,1,0,0,0,0,0,0.0,,,,0,,1,1
5,2,17,2.0,food,2,food_2,13,157,8,16,15,8,1,8,2,1,0.0,2500,1000,1000,2629.0587145103636,1000,1153.8302208101607,8500.0,17782.888935320523,1,1,10,8,4,2,5000.0,3.0,1.0,5.0,1,-1.0,1,1
5,2,14,2.0,leg,1,leg_1,14,158,6,11,7,4,1,6,1,1,0.0,2500,1000,1000,2010.4415608558309,1000,1389.952595396603,7000.0,15900.394156252434,1,1,10,3,2,1,5000.0,1.0,2.0,2.0,-1,1.0,1,1
5,2,13,2.0,face,2,face_2,15,159,3,6,1,1,1,3,2,1,0.0,2500,1000,1000,2084.4871409064503,0,1093.5205947096154,6500.0,14178.007735616065,1,0,0,0,0,0,0.0,,,,0,,1,1
5,2,17,2.0,house,1,house_1,16,160,2,3,2,1,2,2,1,1,0.0,2500,1000,1000,2340.4163312468395,0,1254.191893034973,8500.0,16594.608224281812,1,0,0,0,0,0,0.0,,,,0,,1,1
5,2,12,2.0,tool,2,tool_2,17,161,5,10,4,2,2,5,2,1,0.0,2500,1000,1000,2382.538175952915,0,1104.9017297964917,6000.0,13987.439905749408,1,0,0,0,0,0,0.0,,,,0,,1,1
5,2,14,2.0,hand,2,hand_2,18,162,1,2,16,8,2,1,2,1,0.0,2500,1000,1000,2501.999352852114,0,1431.9385755790029,7000.0,15433.937928431116,1,0,0,0,0,0,0.0,,,,0,,1,1
5,3,13,1.6,hand,2,hand_2,19,163,1,2,15,8,1,1,2,1,11.25,2500,1000,1000,2067.1454853600712,0,1737.0106180010039,8125.0,16440.406103361078,1,0,0,0,0,0,0.0,,,,0,,1,1
5,3,17,1.6,leg,2,leg_2,20,164,6,12,11,6,1,6,2,1,0.0,2500,1000,1000,2539.8680796682056,0,1471.0633232792818,10625.0,19135.931402947488,1,0,0,0,0,0,0.0,,,,0,,1,1
5,3,12,1.6,tool,1,tool_1,21,165,5,9,3,2,1,5,1,1,0.0,2500,1000,1000,2985.7744093362853,0,1558.7019791390524,7500.0,16544.476388475337,1,0,0,0,0,0,0.0,,,,0,,1,1
5,3,17,1.6,house,1,house_1,22,166,2,3,2,1,2,2,1,1,0.0,2500,1000,1000,2044.6584499401529,0,1704.3117014834154,10625.0,18873.970151423568,1,0,0,0,0,0,0.0,,,,0,,1,1
5,3,14,1.6,food,2,food_2,23,167,8,16,12,6,2,8,2,1,0.0,2500,1000,1000,2061.614195281712,0,1280.3628245928016,8750.0,16591.977019874514,1,0,0,0,0,0,0.0,,,,0,,1,1
5,3,13,1.6,shape,2,shape_2,24,168,9,18,13,7,1,9,2,1,0.0,2500,1000,1000,2484.671030754101,0,1732.8116334526758,8125.0,16842.48266420678,1,0,0,0,0,0,0.0,,,,0,,1,1
5,3,15,1.6,animal,2,animal_2,25,169,4,8,5,3,1,4,2,1,0.0,2500,1000,1000,2648.431442956312,0,1801.874343923992,9375.0,18325.305786880304,1,0,0,0,0,0,0.0,,,,0,,1,1
5,3,14,1.6,object,1,object_1,26,170,7,13,9,5,1,7,1,1,0.0,2500,1000,1000,2678.539794839115,1000,1620.8940023817736,8750.0,18549.43379722089,1,1,7,2,1,2,4375.0,0.0,1.0,-1.0,-1,1.0,1,1
5,3,16,1.6,face,1,face_1,27,171,3,5,3,2,1,3,1,1,0.0,2500,1000,1000,2716.2271065228074,0,1625.0935762671086,10000.0,18841.320682789916,1,0,0,0,0,0,0.0,,,,0,,1,1
5,4,13,2.0,face,1,face_1,28,172,3,5,18,9,2,3,1,1,9.0,2500,1000,1000,2023.3703322932818,1000,1188.9945917871235,6500.0,15221.364924080404,1,1,6,11,6,1,3000.0,5.0,2.0,10.0,1,-1.0,1,1
5,4,17,2.0,leg,2,leg_2,29,173,6,12,11,6,1,6,2,1,0.0,2500,1000,1000,2190.5515017109506,0,1364.1132619623245,8500.0,16554.664763673274,1,0,0,0,0,0,0.0,,,,0,,1,1
5,4,16,2.0,house,2,house_2,30,174,2,4,2,1,2,2,2,1,0.0,2500,1000,1000,2937.122072702116,0,1185.1122552029121,8000.0,16622.234327905026,1,0,0,0,0,0,0.0,,,,0,,1,1
5,4,16,2.0,tool,1,tool_1,31,175,5,9,7,4,1,5,1,1,0.0,2500,1000,1000,2603.734350532439,0,1286.8386509101533,8000.0,16390.573001442594,1,0,0,0,0,0,0.0,,,,0,,1,1
5,4,12,2.0,hand,1,hand_1,32,176,1,1,13,7,1,1,1,1,0.0,2500,1000,1000,2082.561692625703,0,1041.6235969137135,6000.0,13624.185289539415,1,0,0,0,0,0,0.0,,,,0,,1,1
5,4,15,2.0,food,1,food_1,33,177,8,15,12,6,2,8,1,1,0.0,2500,1000,1000,2368.187993575978,0,1014.0301783671961,7500.0,15382.218171943174,1,0,0,0,0,0,0.0,,,,0,,1,1
5,4,15,2.0,animal,2,animal_2,34,178,4,8,5,3,1,4,2,1,0.0,2500,1000,1000,2448.7334244114454,0,1088.1713771123896,7500.0,15536.904801523835,1,0,0,0,0,0,0.0,,,,0,,1,1
5,4,14,2.0,shape,1,shape_1,35,179,9,17,13,7,1,9,1,1,0.0,2500,1000,1000,2582.7515743016256,0,1115.586956868935,7000.0,15198.33853117056,1,0,0,0,0,0,0.0,,,,0,,1,1
5,4,12,2.0,object,2,object_2,36,180,7,14,8,4,2,7,2,1,0.0,2500,1000,1000,2137.7533987003935,0,1068.2099066765084,6000.0,13705.963305376903,1,0,0,0,0,0,0.0,,,,0,,1,1
6,1,15,2.0,leg,1,leg_1,1,181,6,11,8,4,2,6,1,1,9.0,2500,1000,1000,2819.174157797427,0,1088.6194071464995,7500.0,15916.793564943926,1,0,0,0,0,0,0.0,,,,0,,1,1
6,1,14,2.0,face,2,face_2,2,182,3,6,2,1,2,3,2,1,0.0,2500,1000,1000,2180.405715356266,0,1451.3595381414611,7000.0,15131.765253497728,1,0,0,0,0,0,0.0,,,,0,,1,1
6,1,12,2.0,house,1,house_1,3,183,2,3,15,8,1,2,1,1,0.0,2500,1000,1000,2076.4291960551736,0,1257.1337644944838,6000.0,13833.562960549658,1,0,0,0,0,0,0.0,,,,0,,1,1
6,1,15,2.0,hand,2,hand_2,4,184,1,2,17,9,1,1,2,1,0.0,2500,1000,1000,2597.582719794253,0,1330.1322143514292,7500.0,15927.714934145682,1,0,0,0,0,0,0.0,,,,0,,1,1
6,1,13,2.0,tool,2,tool_2,5,185,5,10,5,3,1,5,2,1,0.0,2500,1000,1000,2505.2643811181433,0,1044.3843047598396,6500.0,14549.648685877983,1,0,0,0,0,0,0.0,,,,0,,1,1
6,1,13,2.0,object,2,object_2,6,186,7,14,9,5,1,7,2,1,0.0,2500,1000,1000,2592.459106731068,0,1251.6260416638022,6500.0,14844.08514839487,1,0,0,0,0,0,0.0,,,,0,,1,1
6,1,12,2.0,food,2,food_2,7,187,8,16,10,5,2,8,2,1,0.0,2500,1000,1000,2512.388622267235,0,1018.8854938869467,6000.0,14031.274116154182,1,0,0,0,0,0,0.0,,,,0,,1,1
6,1,15,2.0,shape,1,shape_1,8,188,9,17,14,7,2,9,1,1,0.0,2500,1000,1000,2954.400425604043,0,1107.802980420625,7500.0,16062.203406024668,1,0,0,0,0,0,0.0,,,,0,,1,1
6,1,16,2.0,animal,2,animal_2,9,189,4,8,6,3,2,4,2,1,0.0,2500,1000,1000,2796.3748339192334,0,1443.2069653458911,8000.0,16739.581799265125,1,0,0,0,0,0,0.0,,,,0,,1,1
6,2,12,1.6,object,2,object_2,10,190,7,14,8,4,2,7,2,1,11.25,2500,1000,1000,2945.3891763428196,0,1532.7745993836875,7500.0,16489.413775726505,1,0,0,0,0,0,0.0,,,,0,,1,1
6,2,13,1.6,hand,1,hand_1,11,191,1,1,14,7,2,1,1,1,0.0,2500,1000,1000,2052.4655637993606,0,1259.4721445766172,8125.0,15936.937708375977,1,0,0,0,0,0,0.0,,,,0,,1,1
6,2,12,1.6,house,1,house_1,12,192,2,3,15,8,1,2,1,1,0.0,2500,1000,1000,2121.698837663428,0,1421.0275712916678,7500.0,15542.726408955095,1,0,0,0,0,0,0.0,,,,0,,1,1
6,2,13,1.6,leg,1,leg_1,13,193,6,11,6,3,2,6,1,1,0.0,2500,1000,1000,2091.3581348138246,0,1822.673908573418,8125.0,16539.032043387244,1,0,0,0,0,0,0.0,,,,0,,1,1
6,2,14,1.6,food,1,food_1,14,194,8,15,11,6,1,8,1,1,0.0,2500,1000,1000,2117.0476695555785,0,1438.9468444112877,8750.0,16805.994513966867,1,0,0,0,0,0,0.0,,,,0,,1,1
6,2,17,1.6,tool,2,tool_2,15,195,5,10,9,5,1,5,2,1,0.0,2500,1000,1000,2225.3171247579908,0,1259.617511562136,10625.0,18609.934636320126,1,0,0,0,0,0,0.0,,,,0,,1,1
6,2,17,1.6,shape,1,shape_1,16,196,9,17,16,8,2,9,1,1,0.0,2500,1000,1000,2942.957027915865,0,1309.407539953339,10625.0,19377.364567869205,1,0,0,0,0,0,0.0,,,,0,,1,1
6,2,16,1.6,face,2,face_2,17,197,3,6,4,2,2,3,2,1,0.0,2500,1000,1000,2253.5286706676156,1000,1802.597661985724,10000.0,19556.12633265334,1,1,9,15,8,1,5625.0,7.0,2.0,14.0,1,-1.0,1,1
6,2,16,1.6,animal,1,animal_1,18,198,4,7,5,3,1,4,1,1,0.0,2500,1000,1000,2123.5711808737283,0,1677.5218868730246,10000.0,18301.093067746755,1,0,0,0,0,0,0.0,,,,0,,1,1
6,3,13,2.0,hand,1,hand_1,19,199,1,1,14,7,2,1,1,1,9.0,2500,1000,1000,2022.3506015307016,1000,1306.5972630456529,6500.0,15337.947864576354,1,1,8,9,5,1,4000.0,4.0,2.0,8.0,-1,1.0,1,1
6,3,17,2.0,object,1,object_1,20,200,7,13,12,6,2,7,1,1,0.0,2500,1000,1000,2322.7395114117394,0,1134.9335317190566,8500.0,16457.673043130795,1,0,0,0,0,0,0.0,,,,0,,1,1
6,3,12,2.0,leg,2,leg_2,21,201,6,12,6,3,2,6,2,1,0.0,2500,1000,1000,2544.548798117609,0,1251.0891157974036,6000.0,14295.637913915012,1,0,0,0,0,0,0.0,,,,0,,1,1
6,3,16,2.0,animal,1,animal_1,22,202,4,7,5,3,1,4,1,1,0.0,2500,1000,1000,2775.542628033355,1000,1064.8783175716,8000.0,17340.420945604958,1,1,9,16,8,2,4500.0,7.0,1.0,13.0,1,-1.0,1,1
6,3,17,2.0,tool,1,tool_1,23,203,5,9,8,4,2,5,1,1,0.0,2500,1000,1000,2790.420705236584,0,1477.9729974126192,8500.0,17268.393702649202,1,0,0,0,0,0,0.0,,,,0,,1,1
6,3,14,2.0,shape,2,shape_2,24,204,9,18,14,7,2,9,2,1,0.0,2500,1000,1000,2440.9651636008048,1000,1427.804196604712,7000.0,16368.769360205517,1,1,10,10,5,2,5000.0,4.0,1.0,7.0,-1,1.0,1,1
6,3,17,2.0,house,2,house_2,25,205,2,4,3,2,1,2,2,1,0.0,2500,1000,1000,2603.120940780219,0,1172.7175034987542,8500.0,16775.838444278976,1,0,0,0,0,0,0.0,,,,0,,1,1
6,3,14,2.0,face,1,face_1,26,206,3,5,1,1,1,3,1,1,0.0,2500,1000,1000,2372.3952978984794,0,1228.5462062001936,7000.0,15100.941504098673,1,0,0,0,0,0,0.0,,,,0,,1,1
6,3,16,2.0,food,1,food_1,27,207,8,15,13,7,1,8,1,1,0.0,2500,1000,1000,2500.143931069239,0,1256.3796084777332,8000.0,16256.523539546972,1,0,0,0,0,0,0.0,,,,0,,1,1
6,4,15,1.6,object,1,object_1,28,208,7,13,10,5,2,7,1,1,11.25,2500,1000,1000,2969.688513682029,0,1371.0331981773409,9375.0,18226.97171185937,1,0,0,0,0,0,0.0,,,,0,,1,1
6,4,14,1.6,hand,2,hand_2,29,209,1,2,16,8,2,1,2,1,0.0,2500,1000,1000,2619.0079406590394,0,1456.2364693154288,8750.0,17325.244409974468,1,0,0,0,0,0,0.0,,,,0,,1,1
6,4,15,1.6,food,2,food_2,30,210,8,16,13,7,1,8,2,1,0.0,2500,1000,1000,2367.312280127932,0,1735.7776576261151,9375.0,17978.089937754048,1,0,0,0,0,0,0.0,,,,0,,1,1
6,4,12,1.6,leg,2,leg_2,31,211,6,12,6,3,2,6,2,1,0.0,2500,1000,1000,2242.3862142174285,0,1687.0035374099093,7500.0,15929.389751627337,1,0,0,0,0,0,0.0,,,,0,,1,1
6,4,13,1.6,tool,1,tool_1,32,212,5,9,4,2,2,5,1,1,0.0,2500,1000,1000,2816.939712329083,0,1511.0019507287177,8125.0,16952.941663057798,1,0,0,0,0,0,0.0,,,,0,,1,1
6,4,14,1.6,shape,2,shape_2,33,213,9,18,14,7,2,9,2,1,0.0,2500,1000,1000,2244.690816733001,1000,1392.6568476372183,8750.0,17887.34766437022,1,1,7,7,4,1,4375.0,3.0,2.0,6.0,1,-1.0,1,1
6,4,15,1.6,house,2,house_2,34,214,2,4,1,1,1,2,2,1,0.0,2500,1000,1000,2987.5286396378074,0,1303.4873045821205,9375.0,18166.01594421993,1,0,0,0,0,0,0.0,,,,0,,1,1
6,4,16,1.6,animal,2,animal_2,35,215,4,8,6,3,2,4,2,1,0.0,2500,1000,1000,2371.1457422850144,1000,1494.3920035570266,10000.0,19365.53774584204,1,1,8,16,8,2,5000.0,7.0,1.0,13.0,-1,1.0,1,1
6,4,17,1.6,face,1,face_1,36,216,3,5,4,2,2,3,1,1,0.0,2500,1000,1000,2923.649946632131,0,1277.809684364163,10625.0,19326.459630996294,1,0,0,0,0,0,0.0,,,,0,,1,1
