runTrialId,run,startCatPos,startId,blockId,runBlockId,speed,distance,startCat,targetId,targetCat,probeDur,bufferDur,itiDur,ts,tp,direction,targetCatPos,speedCueDur,blinkFixDur,sampleDur,feedbackDur,probeDist,probeId,probeCat,probeCatPos,probe_ts,probe_loc,optionCat,movementDur,participantId,speedCueTrial
1,1,2,14,1,1,2.0,12,5,2,1,0.0,1392.6050052390397,2447.063,6000.0,,-1,2,9000.0,2700,1000,1000.0,6,8,3,2,3000.0,0,0,7392.605,6,1
2,1,1,4,1,1,2.0,16,2,6,2,0.0,1249.534134524848,2880.454,8000.0,,-1,3,9000.0,2700,1000,1000.0,8,14,5,2,4000.0,0,0,9249.534,6,0
3,1,2,14,1,1,2.0,15,5,17,6,0.0,1070.7519291956291,2259.248,7500.0,,-1,2,9000.0,2700,1000,1000.0,9,5,2,2,4500.0,0,0,8570.752,6,0
4,1,3,9,1,1,2.0,15,3,12,4,0.0,1095.3501530024773,2638.641,7500.0,,-1,3,9000.0,2700,1000,1000.0,7,2,1,2,3500.0,0,0,8595.35,6,0
5,1,1,16,1,1,2.0,12,6,4,2,1000.0,1382.702727895862,2954.624,6000.0,,-1,1,9000.0,2700,1000,0.0,8,8,3,2,4000.0,1,1,7382.703,6,0
6,1,3,18,1,1,2.0,12,6,6,2,0.0,1182.5936340082576,2867.697,6000.0,,-1,3,9000.0,2700,1000,1000.0,7,11,4,2,3500.0,0,0,7182.594,6,0
7,1,2,2,2,2,1.2,17,1,3,1,0.0,1848.7256879416525,2543.986,14166.667,,-1,3,14999.993999999999,2700,1000,1000.0,9,11,4,2,7500.0,0,0,16015.393,6,1
8,1,1,13,2,2,1.2,14,5,17,6,0.0,2267.163961927306,2897.545,11666.667,,-1,2,14999.993999999999,2700,1000,1000.0,8,5,2,2,6666.667,0,0,13933.831,6,0
9,1,3,15,2,2,1.2,15,5,18,6,1000.0,2416.6180130046896,2537.057,12500.0,,-1,3,14999.993999999999,2700,1000,0.0,7,8,3,2,5833.333,1,1,14916.618,6,0
10,1,1,4,2,2,1.2,13,2,9,3,0.0,2263.920689996304,2182.114,10833.333,,-1,3,14999.993999999999,2700,1000,1000.0,8,14,5,2,6666.667,0,0,13097.254,6,0
11,1,2,17,2,2,1.2,14,6,3,1,0.0,1813.4700431806189,2474.806,11666.667,,-1,3,14999.993999999999,2700,1000,1000.0,9,8,3,2,7500.0,0,0,13480.137,6,0
12,1,3,12,2,2,1.2,16,4,14,5,0.0,1828.3169532206505,2559.932,13333.333,,-1,2,14999.993999999999,2700,1000,1000.0,10,2,1,2,8333.333,0,0,15161.65,6,0
13,1,2,5,3,3,2.0,14,2,9,3,0.0,1071.846133176703,2032.076,7000.0,,-1,3,9000.0,2700,1000,1000.0,9,14,5,2,4500.0,0,0,8071.846,6,1
14,1,3,18,3,3,2.0,14,6,4,2,0.0,1334.7077732917974,2308.887,7000.0,,-1,1,9000.0,2700,1000,1000.0,10,8,3,2,5000.0,0,0,8334.708,6,0
15,1,3,6,3,3,2.0,13,2,11,4,1000.0,1236.892297990313,2449.702,6500.0,,-1,2,9000.0,2700,1000,0.0,10,14,5,2,5000.0,1,1,7736.892,6,0
16,1,2,17,3,3,2.0,12,6,5,2,0.0,1075.9955327052721,2758.261,6000.0,,-1,2,9000.0,2700,1000,1000.0,9,8,3,2,4500.0,0,0,7075.996,6,0
17,1,3,6,3,3,2.0,16,2,8,3,0.0,1329.9330227571404,2441.402,8000.0,,-1,2,9000.0,2700,1000,1000.0,10,14,5,2,5000.0,0,0,9329.933,6,0
18,1,1,10,3,3,2.0,17,4,11,4,0.0,1316.08883484503,2270.872,8500.0,,-1,2,9000.0,2700,1000,1000.0,11,17,6,2,5500.0,0,0,9816.089,6,0
19,1,2,8,4,4,1.2,12,3,14,5,1000.0,2169.7343220557004,2682.277,10000.0,,-1,2,14999.993999999999,2700,1000,0.0,6,2,1,2,5000.0,1,-1,12169.734,6,1
20,1,1,7,4,4,1.2,14,3,11,4,0.0,2185.83531567702,2270.36,11666.667,,-1,2,14999.993999999999,2700,1000,1000.0,8,17,6,2,6666.667,0,0,13852.502,6,0
21,1,1,13,4,4,1.2,12,5,1,1,1000.0,2214.240886841284,2972.13,10000.0,,-1,1,14999.993999999999,2700,1000,0.0,8,5,2,2,6666.667,1,1,12214.241,6,0
22,1,1,7,4,4,1.2,15,3,10,4,0.0,1726.128360561963,2089.997,12500.0,,-1,1,14999.993999999999,2700,1000,1000.0,8,17,6,2,6666.667,0,0,14226.128,6,0
23,1,3,15,4,4,1.2,13,5,2,1,1000.0,2145.1521182981137,2892.952,10833.333,,-1,2,14999.993999999999,2700,1000,0.0,7,8,3,2,5833.333,1,-1,12978.485,6,0
24,1,1,13,4,4,1.2,13,5,18,6,0.0,1764.5865199407835,2247.381,10833.333,,-1,3,14999.993999999999,2700,1000,1000.0,8,5,2,2,6666.667,0,0,12597.92,6,0
25,1,3,3,5,5,2.0,16,1,5,2,0.0,1312.3319747240812,2373.793,8000.0,,-1,2,9000.0,2700,1000,1000.0,10,11,4,2,5000.0,0,0,9312.332,6,1
26,1,2,11,5,5,2.0,15,4,14,5,0.0,1011.4278532044294,2819.774,7500.0,,-1,2,9000.0,2700,1000,1000.0,6,5,2,2,3000.0,0,0,8511.428,6,0
27,1,2,11,5,5,2.0,13,4,16,6,0.0,1021.2948460708491,2809.388,6500.0,,-1,1,9000.0,2700,1000,1000.0,6,5,2,2,3000.0,0,0,7521.295,6,0
28,1,1,10,5,5,2.0,17,4,11,4,0.0,1045.2686772459824,2793.176,8500.0,,-1,2,9000.0,2700,1000,1000.0,11,17,6,2,5500.0,0,0,9545.269,6,0
29,1,2,8,5,5,2.0,14,3,12,4,0.0,1412.8131837923017,2729.367,7000.0,,-1,3,9000.0,2700,1000,1000.0,9,17,6,2,4500.0,0,0,8412.813,6,0
30,1,3,6,5,5,2.0,13,2,11,4,0.0,1167.4427807479633,2941.976,6500.0,,-1,2,9000.0,2700,1000,1000.0,7,17,6,2,3500.0,0,0,7667.443,6,0
31,1,3,15,6,6,1.2,12,5,3,1,0.0,1696.4401150784563,2518.053,10000.0,,-1,3,14999.993999999999,2700,1000,1000.0,7,8,3,2,5833.333,0,0,11696.44,6,1
32,1,2,5,6,6,1.2,16,2,7,3,0.0,2097.8838315143093,2881.84,13333.333,,-1,1,14999.993999999999,2700,1000,1000.0,9,14,5,2,7500.0,0,0,15431.217,6,0
33,1,1,10,6,6,1.2,15,4,13,5,0.0,1757.8865517560575,2177.819,12500.0,,-1,1,14999.993999999999,2700,1000,1000.0,8,2,1,2,6666.667,0,0,14257.887,6,0
34,1,3,15,6,6,1.2,15,5,18,6,0.0,1800.9962408103945,2609.996,12500.0,,-1,3,14999.993999999999,2700,1000,1000.0,7,8,3,2,5833.333,0,0,14300.996,6,0
35,1,1,13,6,6,1.2,13,5,18,6,0.0,2102.653873887351,2277.742,10833.333,,-1,3,14999.993999999999,2700,1000,1000.0,5,8,3,2,4166.667,0,0,12935.987,6,0
36,1,3,3,6,6,1.2,12,1,9,3,0.0,1996.4794799468018,2601.815,10000.0,,-1,3,14999.993999999999,2700,1000,1000.0,7,14,5,2,5833.333,0,0,11996.479,6,0
1,2,1,7,7,1,1.2,17,3,8,3,0.0,1778.04385780492,2468.642,14166.667,,-1,2,14999.993999999999,2700,1000,1000.0,11,14,5,2,9166.667,0,0,15944.711,6,1
2,2,1,16,7,1,1.2,17,6,17,6,0.0,1876.9127566567702,2404.128,14166.667,,-1,2,14999.993999999999,2700,1000,1000.0,14,2,1,2,11666.667,0,0,16043.58,6,0
3,2,2,2,7,1,1.2,16,1,4,2,1000.0,2318.166618648539,2248.477,13333.333,,-1,1,14999.993999999999,2700,1000,0.0,9,11,4,2,7500.0,1,-1,15651.5,6,0
4,2,2,14,7,1,1.2,12,5,2,1,0.0,1751.2993608117517,2441.574,10000.0,,-1,2,14999.993999999999,2700,1000,1000.0,6,8,3,2,5000.0,0,0,11751.299,6,0
5,2,2,14,7,1,1.2,17,5,15,5,0.0,2111.952223781323,2710.639,14166.667,,-1,3,14999.993999999999,2700,1000,1000.0,12,2,1,2,10000.0,0,0,16278.619,6,0
6,2,3,9,7,1,1.2,16,3,11,4,1000.0,1943.1294651222934,2001.054,13333.333,,-1,2,14999.993999999999,2700,1000,0.0,10,17,6,2,8333.333,1,1,15276.462,6,0
7,2,2,2,8,2,2.0,12,1,8,3,0.0,1299.8589513797658,2380.982,6000.0,,-1,2,9000.0,2700,1000,1000.0,9,11,4,2,4500.0,0,0,7299.859,6,1
8,2,1,13,8,2,2.0,15,5,16,6,0.0,1141.9116515210665,2288.353,7500.0,,-1,1,9000.0,2700,1000,1000.0,8,5,2,2,4000.0,0,0,8641.912,6,0
9,2,1,10,8,2,2.0,17,4,11,4,0.0,1114.6840099697579,2992.805,8500.0,,-1,2,9000.0,2700,1000,1000.0,11,17,6,2,5500.0,0,0,9614.684,6,0
10,2,2,8,8,2,2.0,15,3,11,4,1000.0,1352.0041029537983,2856.176,7500.0,,-1,2,9000.0,2700,1000,0.0,12,14,5,2,6000.0,1,1,8852.004,6,0
11,2,2,11,8,2,2.0,12,4,17,6,0.0,1077.6065224032918,2663.536,6000.0,,-1,2,9000.0,2700,1000,1000.0,9,2,1,2,4500.0,0,0,7077.607,6,0
12,2,2,2,8,2,2.0,16,1,4,2,0.0,1321.804541580634,2583.592,8000.0,,-1,1,9000.0,2700,1000,1000.0,12,8,3,2,6000.0,0,0,9321.805,6,0
13,2,3,3,9,3,1.2,13,1,8,3,0.0,2063.9988005278924,2598.747,10833.333,,-1,2,14999.993999999999,2700,1000,1000.0,7,14,5,2,5833.333,0,0,12897.332,6,1
14,2,1,13,9,3,1.2,16,5,15,5,0.0,1983.7924934469277,2284.77,13333.333,,-1,3,14999.993999999999,2700,1000,1000.0,11,2,1,2,9166.667,0,0,15317.125,6,0
15,2,3,6,9,3,1.2,14,2,10,4,0.0,2288.266141010726,2545.336,11666.667,,-1,1,14999.993999999999,2700,1000,1000.0,10,14,5,2,8333.333,0,0,13954.933,6,0
16,2,3,6,9,3,1.2,17,2,7,3,0.0,1780.2166142146743,2136.843,14166.667,,-1,1,14999.993999999999,2700,1000,1000.0,10,14,5,2,8333.333,0,0,15946.884,6,0
17,2,2,14,9,3,1.2,14,5,18,6,0.0,2070.2792212667655,2549.496,11666.667,,-1,3,14999.993999999999,2700,1000,1000.0,9,5,2,2,7500.0,0,0,13736.946,6,0
18,2,2,5,9,3,1.2,12,2,11,4,0.0,1947.5504344951112,2673.911,10000.0,,-1,2,14999.993999999999,2700,1000,1000.0,6,17,6,2,5000.0,0,0,11947.55,6,0
19,2,2,5,10,4,2.0,17,2,6,2,0.0,1384.4260256333912,2100.167,8500.0,,-1,3,9000.0,2700,1000,1000.0,12,11,4,2,6000.0,0,0,9884.426,6,1
20,2,1,13,10,4,2.0,16,5,15,5,1000.0,1444.1559605847842,2624.48,8000.0,,-1,3,9000.0,2700,1000,0.0,11,2,1,2,5500.0,1,-1,9444.156,6,0
21,2,3,3,10,4,2.0,13,1,8,3,0.0,1191.7606295234884,2659.744,6500.0,,-1,2,9000.0,2700,1000,1000.0,7,14,5,2,3500.0,0,0,7691.761,6,0
22,2,3,9,10,4,2.0,14,3,13,5,0.0,1223.116176714756,2993.921,7000.0,,-1,1,9000.0,2700,1000,1000.0,7,2,1,2,3500.0,0,0,8223.116,6,0
23,2,2,5,10,4,2.0,14,2,9,3,0.0,1017.4750243563233,2397.183,7000.0,,-1,3,9000.0,2700,1000,1000.0,9,14,5,2,4500.0,0,0,8017.475,6,0
24,2,3,18,10,4,2.0,13,6,5,2,0.0,1285.632993706492,2322.612,6500.0,,-1,2,9000.0,2700,1000,1000.0,7,11,4,2,3500.0,0,0,7785.633,6,0
25,2,1,4,11,5,1.2,12,2,10,4,0.0,2088.8165379831357,2929.19,10000.0,,-1,1,14999.993999999999,2700,1000,1000.0,5,17,6,2,4166.667,0,0,12088.817,6,1
26,2,3,12,11,5,1.2,12,4,18,6,0.0,1959.1625406267722,2712.365,10000.0,,-1,3,14999.993999999999,2700,1000,1000.0,7,5,2,2,5833.333,0,0,11959.163,6,0
27,2,3,15,11,5,1.2,14,5,1,1,1000.0,1870.9613579287434,2109.325,11666.667,,-1,1,14999.993999999999,2700,1000,0.0,7,8,3,2,5833.333,1,-1,13537.628,6,0
28,2,1,1,11,5,1.2,13,1,6,2,0.0,2339.730312726976,2464.582,10833.333,,-1,3,14999.993999999999,2700,1000,1000.0,8,11,4,2,6666.667,0,0,13173.063,6,0
29,2,2,2,11,5,1.2,14,1,6,2,0.0,1713.186755512323,2361.957,11666.667,,-1,3,14999.993999999999,2700,1000,1000.0,9,11,4,2,7500.0,0,0,13379.854,6,0
30,2,1,4,11,5,1.2,16,2,6,2,0.0,2230.7987014321548,2858.237,13333.333,,-1,3,14999.993999999999,2700,1000,1000.0,11,11,4,2,9166.667,0,0,15564.132,6,0
31,2,2,2,12,6,2.0,13,1,7,3,0.0,1061.1423782078975,2299.238,6500.0,,-1,1,9000.0,2700,1000,1000.0,6,14,5,2,3000.0,0,0,7561.142,6,1
32,2,3,3,12,6,2.0,17,1,4,2,0.0,1280.4927953002941,2174.735,8500.0,,-1,1,9000.0,2700,1000,1000.0,10,11,4,2,5000.0,0,0,9780.493,6,0
33,2,2,11,12,6,2.0,17,4,12,4,0.0,1306.0512028604337,2418.54,8500.0,,-1,3,9000.0,2700,1000,1000.0,12,17,6,2,6000.0,0,0,9806.051,6,0
34,2,2,5,12,6,2.0,15,2,8,3,1000.0,1115.1316906531706,2039.419,7500.0,,-1,2,9000.0,2700,1000,0.0,6,17,6,2,3000.0,1,1,8615.132,6,0
35,2,3,12,12,6,2.0,13,4,17,6,0.0,1344.0671336922398,2648.264,6500.0,,-1,2,9000.0,2700,1000,1000.0,7,5,2,2,3500.0,0,0,7844.067,6,0
36,2,3,9,12,6,2.0,16,3,11,4,0.0,1287.1595178533248,2670.638,8000.0,,-1,2,9000.0,2700,1000,1000.0,13,14,5,2,6500.0,0,0,9287.16,6,0
1,3,2,11,13,1,2.0,15,4,14,5,0.0,1133.7156916284032,2662.959,7500.0,,-1,2,9000.0,2700,1000,1000.0,6,5,2,2,3000.0,0,0,8633.716,6,1
2,3,2,5,13,1,2.0,13,2,10,4,0.0,1101.9646624933864,2833.134,6500.0,,-1,1,9000.0,2700,1000,1000.0,9,14,5,2,4500.0,0,0,7601.965,6,0
3,3,1,1,13,1,2.0,12,1,7,3,0.0,1026.2217193125045,2217.513,6000.0,,-1,1,9000.0,2700,1000,1000.0,5,14,5,2,2500.0,0,0,7026.222,6,0
4,3,2,14,13,1,2.0,14,5,18,6,1000.0,1193.9967756088963,2473.766,7000.0,,-1,3,9000.0,2700,1000,0.0,9,5,2,2,4500.0,1,-1,8193.997,6,0
5,3,1,10,13,1,2.0,16,4,12,4,0.0,1034.3472706225375,2891.029,8000.0,,-1,3,9000.0,2700,1000,1000.0,8,2,1,2,4000.0,0,0,9034.347,6,0
6,3,2,5,13,1,2.0,16,2,7,3,1000.0,1303.9595759303572,2760.46,8000.0,,-1,1,9000.0,2700,1000,0.0,9,14,5,2,4500.0,1,-1,9303.96,6,0
7,3,2,14,14,2,1.2,16,5,16,6,0.0,1932.0402523408,2869.301,13333.333,,-1,1,14999.993999999999,2700,1000,1000.0,12,2,1,2,10000.0,0,0,15265.373,6,1
8,3,1,13,14,2,1.2,15,5,16,6,0.0,1833.3594265668457,2253.518,12500.0,,-1,1,14999.993999999999,2700,1000,1000.0,8,5,2,2,6666.667,0,0,14333.359,6,0
9,3,2,5,14,2,1.2,13,2,10,4,0.0,2285.070823334694,2922.33,10833.333,,-1,1,14999.993999999999,2700,1000,1000.0,9,14,5,2,7500.0,0,0,13118.404,6,0
10,3,2,11,14,2,1.2,14,4,15,5,0.0,1849.0043130904223,2327.125,11666.667,,-1,3,14999.993999999999,2700,1000,1000.0,9,2,1,2,7500.0,0,0,13515.671,6,0
11,3,2,5,14,2,1.2,16,2,7,3,0.0,2097.296011857102,2935.571,13333.333,,-1,1,14999.993999999999,2700,1000,1000.0,12,11,4,2,10000.0,0,0,15430.629,6,0
12,3,2,8,14,2,1.2,12,3,14,5,0.0,2274.833305523956,2747.679,10000.0,,-1,2,14999.993999999999,2700,1000,1000.0,9,17,6,2,7500.0,0,0,12274.833,6,0
13,3,3,9,15,3,2.0,13,3,14,5,1000.0,1189.5714129605165,2200.542,6500.0,,-1,2,9000.0,2700,1000,0.0,7,2,1,2,3500.0,1,-1,7689.571,6,1
14,3,3,6,15,3,2.0,12,2,12,4,0.0,1278.9756398008822,2661.318,6000.0,,-1,3,9000.0,2700,1000,1000.0,7,17,6,2,3500.0,0,0,7278.976,6,0
15,3,2,17,15,3,2.0,14,6,3,1,1000.0,1389.3949715347997,2364.487,7000.0,,-1,3,9000.0,2700,1000,0.0,9,8,3,2,4500.0,1,1,8389.395,6,0
16,3,1,16,15,3,2.0,16,6,18,6,0.0,1195.4622604415351,2257.911,8000.0,,-1,3,9000.0,2700,1000,1000.0,11,5,2,2,5500.0,0,0,9195.462,6,0
17,3,1,13,15,3,2.0,12,5,1,1,0.0,1323.9564105637146,2611.933,6000.0,,-1,1,9000.0,2700,1000,1000.0,8,5,2,2,4000.0,0,0,7323.956,6,0
18,3,3,15,15,3,2.0,12,5,3,1,1000.0,1365.3574176348386,2556.599,6000.0,,-1,3,9000.0,2700,1000,0.0,7,8,3,2,3500.0,1,1,7365.357,6,0
19,3,2,11,16,4,1.2,12,4,17,6,0.0,1675.579766572302,2085.869,10000.0,,-1,2,14999.993999999999,2700,1000,1000.0,6,5,2,2,5000.0,0,0,11675.58,6,1
20,3,1,13,16,4,1.2,14,5,17,6,0.0,2319.6033630065263,2844.437,11666.667,,-1,2,14999.993999999999,2700,1000,1000.0,11,2,1,2,9166.667,0,0,13986.27,6,0
21,3,3,9,16,4,1.2,17,3,10,4,0.0,1840.6071832677228,2559.785,14166.667,,-1,1,14999.993999999999,2700,1000,1000.0,13,14,5,2,10833.333,0,0,16007.274,6,0
22,3,1,10,16,4,1.2,14,4,14,5,0.0,2457.9061157475294,2912.954,11666.667,,-1,2,14999.993999999999,2700,1000,1000.0,11,17,6,2,9166.667,0,0,14124.573,6,0
23,3,1,4,16,4,1.2,17,2,5,2,0.0,1712.315899425954,2802.721,14166.667,,-1,2,14999.993999999999,2700,1000,1000.0,14,8,3,2,11666.667,0,0,15878.983,6,0
24,3,2,11,16,4,1.2,16,4,13,5,0.0,1761.9022337639522,2945.389,13333.333,,-1,1,14999.993999999999,2700,1000,1000.0,9,2,1,2,7500.0,0,0,15095.235,6,0
25,3,2,14,17,5,2.0,15,5,17,6,0.0,1213.5402220115297,2490.954,7500.0,,-1,2,9000.0,2700,1000,1000.0,9,5,2,2,4500.0,0,0,8713.54,6,1
26,3,3,3,17,5,2.0,15,1,6,2,0.0,1131.0652181920811,2279.787,7500.0,,-1,3,9000.0,2700,1000,1000.0,10,11,4,2,5000.0,0,0,8631.065,6,0
27,3,1,7,17,5,2.0,12,3,13,5,1000.0,1208.5100012128266,2086.72,6000.0,,-1,1,9000.0,2700,1000,0.0,8,17,6,2,4000.0,1,-1,7208.51,6,0
28,3,1,13,17,5,2.0,14,5,17,6,0.0,1283.3971310783218,2367.154,7000.0,,-1,2,9000.0,2700,1000,1000.0,8,5,2,2,4000.0,0,0,8283.397,6,0
29,3,3,15,17,5,2.0,13,5,2,1,0.0,1246.8006427339244,2783.944,6500.0,,-1,2,9000.0,2700,1000,1000.0,10,5,2,2,5000.0,0,0,7746.801,6,0
30,3,3,15,17,5,2.0,16,5,17,6,0.0,1369.165566098683,2115.393,8000.0,,-1,2,9000.0,2700,1000,1000.0,10,5,2,2,5000.0,0,0,9369.166,6,0
31,3,3,12,18,6,1.2,17,4,13,5,0.0,2335.1308758415826,2196.248,14166.667,,-1,1,14999.993999999999,2700,1000,1000.0,7,5,2,2,5833.333,0,0,16501.798,6,1
32,3,3,18,18,6,1.2,17,6,1,1,0.0,1928.3003468209142,2866.859,14166.667,,-1,1,14999.993999999999,2700,1000,1000.0,13,5,2,2,10833.333,0,0,16094.967,6,0
33,3,1,10,18,6,1.2,15,4,13,5,0.0,1876.3955139942382,2025.773,12500.0,,-1,1,14999.993999999999,2700,1000,1000.0,8,2,1,2,6666.667,0,0,14376.396,6,0
34,3,3,3,18,6,1.2,12,1,9,3,0.0,1804.7899526636438,2880.953,10000.0,,-1,3,14999.993999999999,2700,1000,1000.0,7,14,5,2,5833.333,0,0,11804.79,6,0
35,3,1,4,18,6,1.2,15,2,7,3,0.0,2353.4506681548664,2013.583,12500.0,,-1,1,14999.993999999999,2700,1000,1000.0,11,11,4,2,9166.667,0,0,14853.451,6,0
36,3,2,14,18,6,1.2,16,5,16,6,0.0,2228.6257460354736,2057.358,13333.333,,-1,1,14999.993999999999,2700,1000,1000.0,9,5,2,2,7500.0,0,0,15561.959,6,0
1,4,2,2,19,1,1.2,12,1,8,3,0.0,2291.262686019045,2974.712,10000.0,,-1,2,14999.993999999999,2700,1000,1000.0,6,14,5,2,5000.0,0,0,12291.263,6,1
2,4,3,18,19,1,1.2,17,6,1,1,0.0,2266.0124915555634,2965.7,14166.667,,-1,1,14999.993999999999,2700,1000,1000.0,13,5,2,2,10833.333,0,0,16432.679,6,0
3,4,3,15,19,1,1.2,14,5,1,1,0.0,1684.4572976437514,2553.454,11666.667,,-1,1,14999.993999999999,2700,1000,1000.0,7,8,3,2,5833.333,0,0,13351.124,6,0
4,4,2,8,19,1,1.2,14,3,12,4,0.0,2089.7316076813477,2823.907,11666.667,,-1,3,14999.993999999999,2700,1000,1000.0,9,17,6,2,7500.0,0,0,13756.399,6,0
5,4,1,13,19,1,1.2,17,5,14,5,0.0,1988.6911962367926,2943.058,14166.667,,-1,2,14999.993999999999,2700,1000,1000.0,11,2,1,2,9166.667,0,0,16155.358,6,0
6,4,3,3,19,1,1.2,14,1,7,3,0.0,1714.9541212795527,2148.204,11666.667,,-1,1,14999.993999999999,2700,1000,1000.0,7,14,5,2,5833.333,0,0,13381.621,6,0
7,4,1,4,20,2,2.0,12,2,10,4,0.0,1188.342104158199,2874.639,6000.0,,-1,1,9000.0,2700,1000,1000.0,8,14,5,2,4000.0,0,0,7188.342,6,1
8,4,2,14,20,2,2.0,13,5,1,1,0.0,1328.204609179363,2506.326,6500.0,,-1,1,9000.0,2700,1000,1000.0,6,8,3,2,3000.0,0,0,7828.205,6,0
9,4,3,9,20,2,2.0,13,3,14,5,0.0,1240.6940825876925,2375.116,6500.0,,-1,2,9000.0,2700,1000,1000.0,7,2,1,2,3500.0,0,0,7740.694,6,0
10,4,2,8,20,2,2.0,17,3,9,3,0.0,1289.660695189452,2688.848,8500.0,,-1,3,9000.0,2700,1000,1000.0,9,17,6,2,4500.0,0,0,9789.661,6,0
11,4,3,6,20,2,2.0,15,2,9,3,0.0,1125.2761148111667,2848.881,7500.0,,-1,3,9000.0,2700,1000,1000.0,7,17,6,2,3500.0,0,0,8625.276,6,0
12,4,1,10,20,2,2.0,15,4,13,5,0.0,1398.493854505659,2555.131,7500.0,,-1,1,9000.0,2700,1000,1000.0,8,2,1,2,4000.0,0,0,8898.494,6,0
13,4,2,17,21,3,1.2,15,6,2,1,0.0,2135.1515472491233,2146.264,12500.0,,-1,2,14999.993999999999,2700,1000,1000.0,6,11,4,2,5000.0,0,0,14635.152,6,1
14,4,1,4,21,3,1.2,15,2,7,3,1000.0,1845.2589431628453,2036.144,12500.0,,-1,1,14999.993999999999,2700,1000,0.0,8,14,5,2,6666.667,1,-1,14345.259,6,0
15,4,3,15,21,3,1.2,12,5,3,1,1000.0,2481.709515828059,2541.334,10000.0,,-1,3,14999.993999999999,2700,1000,0.0,7,8,3,2,5833.333,1,1,12481.71,6,0
16,4,1,10,21,3,1.2,12,4,16,6,0.0,1843.948343155868,2186.802,10000.0,,-1,1,14999.993999999999,2700,1000,1000.0,8,2,1,2,6666.667,0,0,11843.948,6,0
17,4,1,10,21,3,1.2,16,4,12,4,0.0,1767.0642819480393,2679.118,13333.333,,-1,3,14999.993999999999,2700,1000,1000.0,11,17,6,2,9166.667,0,0,15100.397,6,0
18,4,3,12,21,3,1.2,14,4,16,6,0.0,2055.7373665360406,2745.671,11666.667,,-1,1,14999.993999999999,2700,1000,1000.0,7,5,2,2,5833.333,0,0,13722.404,6,0
19,4,1,10,22,4,2.0,16,4,12,4,0.0,1324.2588077906896,2200.533,8000.0,,-1,3,9000.0,2700,1000,1000.0,8,2,1,2,4000.0,0,0,9324.259,6,1
20,4,1,13,22,4,2.0,17,5,14,5,0.0,1295.9192063015041,2277.701,8500.0,,-1,2,9000.0,2700,1000,1000.0,11,2,1,2,5500.0,0,0,9795.919,6,0
21,4,2,8,22,4,2.0,15,3,11,4,0.0,1426.6458862251152,2952.829,7500.0,,-1,2,9000.0,2700,1000,1000.0,9,17,6,2,4500.0,0,0,8926.646,6,0
22,4,3,6,22,4,2.0,16,2,8,3,0.0,1266.5921583792874,2920.601,8000.0,,-1,2,9000.0,2700,1000,1000.0,10,14,5,2,5000.0,0,0,9266.592,6,0
23,4,3,15,22,4,2.0,17,5,16,6,0.0,1476.4939777471868,2411.2,8500.0,,-1,1,9000.0,2700,1000,1000.0,10,5,2,2,5000.0,0,0,9976.494,6,0
24,4,3,9,22,4,2.0,17,3,10,4,0.0,1102.031256013027,2018.813,8500.0,,-1,1,9000.0,2700,1000,1000.0,10,17,6,2,5000.0,0,0,9602.031,6,0
25,4,3,3,23,5,1.2,13,1,8,3,1000.0,1767.1534372357153,2328.181,10833.333,,-1,2,14999.993999999999,2700,1000,0.0,7,14,5,2,5833.333,1,1,12600.486,6,1
26,4,3,3,23,5,1.2,15,1,6,2,0.0,2049.904870864173,2517.298,12500.0,,-1,3,14999.993999999999,2700,1000,1000.0,7,14,5,2,5833.333,0,0,14549.905,6,0
27,4,2,11,23,5,1.2,12,4,17,6,0.0,1895.1424246013892,2995.835,10000.0,,-1,2,14999.993999999999,2700,1000,1000.0,9,2,1,2,7500.0,0,0,11895.142,6,0
28,4,3,9,23,5,1.2,14,3,13,5,0.0,1707.7608524660461,2868.891,11666.667,,-1,1,14999.993999999999,2700,1000,1000.0,7,2,1,2,5833.333,0,0,13374.428,6,0
29,4,2,11,23,5,1.2,13,4,16,6,0.0,1680.8385057280332,2672.044,10833.333,,-1,1,14999.993999999999,2700,1000,1000.0,9,2,1,2,7500.0,0,0,12514.172,6,0
30,4,1,7,23,5,1.2,16,3,9,3,0.0,2379.913955046955,2828.618,13333.333,,-1,3,14999.993999999999,2700,1000,1000.0,11,14,5,2,9166.667,0,0,15713.247,6,0
31,4,2,17,24,6,2.0,16,6,1,1,0.0,1313.1460200269007,2570.011,8000.0,,-1,1,9000.0,2700,1000,1000.0,12,5,2,2,6000.0,0,0,9313.146,6,1
32,4,2,8,24,6,2.0,16,3,10,4,0.0,1090.0008488366816,2462.022,8000.0,,-1,1,9000.0,2700,1000,1000.0,12,14,5,2,6000.0,0,0,9090.001,6,0
33,4,2,14,24,6,2.0,13,5,1,1,1000.0,1032.655882283211,2013.308,6500.0,,-1,1,9000.0,2700,1000,0.0,6,8,3,2,3000.0,1,1,7532.656,6,0
34,4,3,12,24,6,2.0,15,4,15,5,0.0,1015.6821279975063,2968.735,7500.0,,-1,3,9000.0,2700,1000,1000.0,7,5,2,2,3500.0,0,0,8515.682,6,0
35,4,1,13,24,6,2.0,16,5,15,5,1000.0,1036.9599359903825,2765.948,8000.0,,-1,3,9000.0,2700,1000,0.0,11,2,1,2,5500.0,1,1,9036.96,6,0
36,4,2,2,24,6,2.0,13,1,7,3,1000.0,1022.0261508096853,2931.553,6500.0,,-1,1,9000.0,2700,1000,0.0,9,11,4,2,4500.0,1,-1,7522.026,6,0
1,5,2,8,25,1,2.0,17,3,9,3,0.0,1223.486474075778,2910.06,8500.0,,-1,3,9000.0,2700,1000,1000.0,12,14,5,2,6000.0,0,0,9723.486,6,1
2,5,2,11,25,1,2.0,13,4,16,6,0.0,1153.5137174378972,2230.099,6500.0,,-1,1,9000.0,2700,1000,1000.0,6,5,2,2,3000.0,0,0,7653.514,6,0
3,5,1,4,25,1,2.0,13,2,9,3,0.0,1126.334704600369,2603.142,6500.0,,-1,3,9000.0,2700,1000,1000.0,5,17,6,2,2500.0,0,0,7626.335,6,0
4,5,3,18,25,1,2.0,15,6,3,1,1000.0,1170.5147167664604,2037.147,7500.0,,-1,3,9000.0,2700,1000,0.0,10,8,3,2,5000.0,1,-1,8670.515,6,0
5,5,3,9,25,1,2.0,12,3,15,5,0.0,1081.9578949452384,2779.586,6000.0,,-1,3,9000.0,2700,1000,1000.0,7,2,1,2,3500.0,0,0,7081.958,6,0
6,5,3,3,25,1,2.0,16,1,5,2,1000.0,1203.1064962429953,2551.569,8000.0,,-1,2,9000.0,2700,1000,0.0,13,8,3,2,6500.0,1,1,9203.106,6,0
7,5,1,16,26,2,1.2,13,6,3,1,0.0,1700.3257400949515,2557.539,10833.333,,-1,3,14999.993999999999,2700,1000,1000.0,5,11,4,2,4166.667,0,0,12533.659,6,1
8,5,2,8,26,2,1.2,13,3,13,5,0.0,2060.985482368488,2855.769,10833.333,,-1,1,14999.993999999999,2700,1000,1000.0,9,17,6,2,7500.0,0,0,12894.318,6,0
9,5,1,10,26,2,1.2,14,4,14,5,0.0,2113.0010512965987,2159.206,11666.667,,-1,2,14999.993999999999,2700,1000,1000.0,8,2,1,2,6666.667,0,0,13779.668,6,0
10,5,2,5,26,2,1.2,14,2,9,3,0.0,2385.109089452991,2107.006,11666.667,,-1,3,14999.993999999999,2700,1000,1000.0,6,17,6,2,5000.0,0,0,14051.776,6,0
11,5,3,6,26,2,1.2,14,2,10,4,0.0,2110.944283952406,2249.218,11666.667,,-1,1,14999.993999999999,2700,1000,1000.0,10,14,5,2,8333.333,0,0,13777.611,6,0
12,5,1,10,26,2,1.2,13,4,15,5,1000.0,2266.2893610983533,2895.007,10833.333,,-1,3,14999.993999999999,2700,1000,0.0,8,2,1,2,6666.667,1,-1,13099.622,6,0
13,5,3,15,27,3,2.0,15,5,18,6,0.0,1100.7221548301263,2280.741,7500.0,,-1,3,9000.0,2700,1000,1000.0,7,8,3,2,3500.0,0,0,8600.722,6,1
14,5,1,13,27,3,2.0,17,5,14,5,0.0,1153.8465862956978,2534.089,8500.0,,-1,2,9000.0,2700,1000,1000.0,8,5,2,2,4000.0,0,0,9653.847,6,0
15,5,2,14,27,3,2.0,17,5,15,5,0.0,1292.19161224134,2782.522,8500.0,,-1,3,9000.0,2700,1000,1000.0,12,2,1,2,6000.0,0,0,9792.192,6,0
16,5,3,18,27,3,2.0,16,6,2,1,0.0,1334.941557605664,2519.663,8000.0,,-1,2,9000.0,2700,1000,1000.0,7,11,4,2,3500.0,0,0,9334.942,6,0
17,5,1,13,27,3,2.0,13,5,18,6,0.0,1454.40830994588,2927.767,6500.0,,-1,3,9000.0,2700,1000,1000.0,8,5,2,2,4000.0,0,0,7954.408,6,0
18,5,1,10,27,3,2.0,14,4,14,5,0.0,1249.1645822930293,2318.374,7000.0,,-1,2,9000.0,2700,1000,1000.0,8,2,1,2,4000.0,0,0,8249.165,6,0
19,5,2,2,28,4,1.2,17,1,3,1,0.0,1662.5909579643712,2739.567,14166.667,,-1,3,14999.993999999999,2700,1000,1000.0,12,8,3,2,10000.0,0,0,15829.258,6,1
20,5,2,2,28,4,1.2,14,1,6,2,1000.0,2388.7479933928607,2653.931,11666.667,,-1,3,14999.993999999999,2700,1000,0.0,9,11,4,2,7500.0,1,-1,14055.415,6,0
21,5,3,15,28,4,1.2,17,5,16,6,0.0,1840.3967557740546,2904.172,14166.667,,-1,1,14999.993999999999,2700,1000,1000.0,10,5,2,2,8333.333,0,0,16007.064,6,0
22,5,2,11,28,4,1.2,17,4,12,4,0.0,2463.1820036587837,2016.818,14166.667,,-1,3,14999.993999999999,2700,1000,1000.0,12,17,6,2,10000.0,0,0,16629.849,6,0
23,5,1,7,28,4,1.2,13,3,12,4,0.0,2030.7289672465188,2236.36,10833.333,,-1,3,14999.993999999999,2700,1000,1000.0,8,17,6,2,6666.667,0,0,12864.062,6,0
24,5,1,4,28,4,1.2,17,2,5,2,0.0,1869.2879776992697,2803.578,14166.667,,-1,2,14999.993999999999,2700,1000,1000.0,11,11,4,2,9166.667,0,0,16035.955,6,0
25,5,2,8,29,5,2.0,13,3,13,5,0.0,1340.3714908570942,2888.377,6500.0,,-1,1,9000.0,2700,1000,1000.0,6,2,1,2,3000.0,0,0,7840.371,6,1
26,5,1,13,29,5,2.0,15,5,16,6,1000.0,1490.071225338937,2500.813,7500.0,,-1,1,9000.0,2700,1000,0.0,8,5,2,2,4000.0,1,1,8990.071,6,0
27,5,2,14,29,5,2.0,16,5,16,6,0.0,1242.3639884988527,2715.854,8000.0,,-1,1,9000.0,2700,1000,1000.0,9,5,2,2,4500.0,0,0,9242.364,6,0
28,5,1,10,29,5,2.0,12,4,16,6,0.0,1079.4327706439876,2289.001,6000.0,,-1,1,9000.0,2700,1000,1000.0,8,2,1,2,4000.0,0,0,7079.433,6,0
29,5,3,3,29,5,2.0,17,1,4,2,0.0,1013.6129683674864,2022.543,8500.0,,-1,1,9000.0,2700,1000,1000.0,7,14,5,2,3500.0,0,0,9513.613,6,0
30,5,2,11,29,5,2.0,16,4,13,5,0.0,1273.7950394188279,2353.576,8000.0,,-1,1,9000.0,2700,1000,1000.0,9,2,1,2,4500.0,0,0,9273.795,6,0
31,5,1,1,30,6,1.2,14,1,5,2,1000.0,1952.9993270344025,2226.474,11666.667,,-1,2,14999.993999999999,2700,1000,0.0,8,11,4,2,6666.667,1,1,13619.666,6,1
32,5,2,5,30,6,1.2,15,2,8,3,0.0,1752.0333369866353,2514.703,12500.0,,-1,2,14999.993999999999,2700,1000,1000.0,9,14,5,2,7500.0,0,0,14252.033,6,0
33,5,3,15,30,6,1.2,13,5,2,1,0.0,1703.5809703820753,2275.965,10833.333,,-1,2,14999.993999999999,2700,1000,1000.0,10,5,2,2,8333.333,0,0,12536.914,6,0
34,5,3,9,30,6,1.2,12,3,15,5,0.0,2019.8831228883266,2275.203,10000.0,,-1,3,14999.993999999999,2700,1000,1000.0,7,2,1,2,5833.333,0,0,12019.883,6,0
35,5,3,3,30,6,1.2,17,1,4,2,0.0,1671.8782908016444,2768.301,14166.667,,-1,1,14999.993999999999,2700,1000,1000.0,10,11,4,2,8333.333,0,0,15838.545,6,0
36,5,2,17,30,6,1.2,17,6,18,6,0.0,2179.337959734435,2184.779,14166.667,,-1,3,14999.993999999999,2700,1000,1000.0,9,8,3,2,7500.0,0,0,16346.005,6,0
1,6,2,5,31,1,1.2,12,2,11,4,0.0,2112.3477708880932,2833.042,10000.0,,-1,2,14999.993999999999,2700,1000,1000.0,6,17,6,2,5000.0,0,0,12112.348,6,1
2,6,3,6,31,1,1.2,15,2,9,3,0.0,1879.1231391608912,2197.221,12500.0,,-1,3,14999.993999999999,2700,1000,1000.0,7,17,6,2,5833.333,0,0,14379.123,6,0
3,6,2,5,31,1,1.2,15,2,8,3,0.0,1847.1775617714236,2326.211,12500.0,,-1,2,14999.993999999999,2700,1000,1000.0,9,14,5,2,7500.0,0,0,14347.178,6,0
4,6,2,17,31,1,1.2,13,6,4,2,0.0,1717.90765220321,2143.801,10833.333,,-1,1,14999.993999999999,2700,1000,1000.0,6,11,4,2,5000.0,0,0,12551.241,6,0
5,6,1,7,31,1,1.2,12,3,13,5,0.0,1709.4192847924858,2201.607,10000.0,,-1,1,14999.993999999999,2700,1000,1000.0,8,17,6,2,6666.667,0,0,11709.419,6,0
6,6,2,5,31,1,1.2,17,2,6,2,0.0,1684.266482144421,2492.551,14166.667,,-1,3,14999.993999999999,2700,1000,1000.0,12,11,4,2,10000.0,0,0,15850.933,6,0
7,6,1,13,32,2,2.0,13,5,18,6,0.0,1204.0367361237656,2070.971,6500.0,,-1,3,9000.0,2700,1000,1000.0,5,8,3,2,2500.0,0,0,7704.037,6,1
8,6,3,12,32,2,2.0,17,4,13,5,0.0,1235.55298357008,2168.542,8500.0,,-1,1,9000.0,2700,1000,1000.0,10,2,1,2,5000.0,0,0,9735.553,6,0
9,6,3,6,32,2,2.0,17,2,7,3,0.0,1371.8344635088545,2054.097,8500.0,,-1,1,9000.0,2700,1000,1000.0,10,14,5,2,5000.0,0,0,9871.834,6,0
10,6,2,11,32,2,2.0,14,4,15,5,0.0,1330.3522356832655,2402.42,7000.0,,-1,3,9000.0,2700,1000,1000.0,9,2,1,2,4500.0,0,0,8330.352,6,0
11,6,1,13,32,2,2.0,12,5,1,1,0.0,1322.3360168797637,2152.915,6000.0,,-1,1,9000.0,2700,1000,1000.0,5,8,3,2,2500.0,0,0,7322.336,6,0
12,6,2,11,32,2,2.0,14,4,15,5,0.0,1038.7974794881602,2082.159,7000.0,,-1,3,9000.0,2700,1000,1000.0,9,2,1,2,4500.0,0,0,8038.797,6,0
13,6,1,10,33,3,1.2,13,4,15,5,0.0,2196.135011321672,2480.851,10833.333,,-1,3,14999.993999999999,2700,1000,1000.0,8,2,1,2,6666.667,0,0,13029.468,6,1
14,6,1,4,33,3,1.2,14,2,8,3,0.0,1845.240393685634,2650.008,11666.667,,-1,2,14999.993999999999,2700,1000,1000.0,11,11,4,2,9166.667,0,0,13511.907,6,0
15,6,3,3,33,3,1.2,14,1,7,3,0.0,1694.1123680985143,2265.126,11666.667,,-1,1,14999.993999999999,2700,1000,1000.0,7,14,5,2,5833.333,0,0,13360.779,6,0
16,6,2,5,33,3,1.2,17,2,6,2,0.0,1877.4042559456336,2460.781,14166.667,,-1,3,14999.993999999999,2700,1000,1000.0,9,14,5,2,7500.0,0,0,16044.071,6,0
17,6,3,15,33,3,1.2,16,5,17,6,0.0,2458.44137367081,2716.008,13333.333,,-1,2,14999.993999999999,2700,1000,1000.0,13,2,1,2,10833.333,0,0,15791.774,6,0
18,6,2,14,33,3,1.2,17,5,15,5,0.0,1788.2478741973248,2605.068,14166.667,,-1,3,14999.993999999999,2700,1000,1000.0,12,2,1,2,10000.0,0,0,15954.915,6,0
19,6,3,6,34,4,2.0,12,2,12,4,0.0,1204.914501435324,2291.201,6000.0,,-1,3,9000.0,2700,1000,1000.0,7,17,6,2,3500.0,0,0,7204.915,6,1
20,6,3,18,34,4,2.0,16,6,2,1,1000.0,1020.2218030553971,2519.851,8000.0,,-1,2,9000.0,2700,1000,0.0,10,8,3,2,5000.0,1,1,9020.222,6,0
21,6,3,3,34,4,2.0,16,1,5,2,0.0,1433.4580062337934,2613.344,8000.0,,-1,2,9000.0,2700,1000,1000.0,10,11,4,2,5000.0,0,0,9433.458,6,0
22,6,1,1,34,4,2.0,15,1,4,2,1000.0,1444.1551521317626,2250.5,7500.0,,-1,1,9000.0,2700,1000,0.0,8,11,4,2,4000.0,1,-1,8944.155,6,0
23,6,2,2,34,4,2.0,15,1,5,2,0.0,1093.8093972864854,2948.672,7500.0,,-1,2,9000.0,2700,1000,1000.0,9,11,4,2,4500.0,0,0,8593.809,6,0
24,6,2,17,34,4,2.0,15,6,2,1,0.0,1435.5959575952445,2420.156,7500.0,,-1,2,9000.0,2700,1000,1000.0,6,11,4,2,3000.0,0,0,8935.596,6,0
25,6,2,14,35,5,1.2,15,5,17,6,0.0,2419.423628664701,2724.498,12500.0,,-1,2,14999.993999999999,2700,1000,1000.0,9,5,2,2,7500.0,0,0,14919.424,6,1
26,6,2,14,35,5,1.2,14,5,18,6,0.0,1882.1296046951372,2444.765,11666.667,,-1,3,14999.993999999999,2700,1000,1000.0,9,5,2,2,7500.0,0,0,13548.797,6,0
27,6,2,11,35,5,1.2,15,4,14,5,0.0,1781.7360870806126,2295.044,12500.0,,-1,2,14999.993999999999,2700,1000,1000.0,6,5,2,2,5000.0,0,0,14281.736,6,0
28,6,3,12,35,5,1.2,16,4,14,5,0.0,2252.885300971198,2332.427,13333.333,,-1,2,14999.993999999999,2700,1000,1000.0,7,5,2,2,5833.333,0,0,15586.218,6,0
29,6,3,15,35,5,1.2,14,5,1,1,1000.0,1874.6804385515472,2529.321,11666.667,,-1,1,14999.993999999999,2700,1000,0.0,7,8,3,2,5833.333,1,-1,13541.347,6,0
30,6,1,13,35,5,1.2,12,5,1,1,1000.0,2212.1365911579915,2050.87,10000.0,,-1,1,14999.993999999999,2700,1000,0.0,8,5,2,2,6666.667,1,1,12212.137,6,0
31,6,3,3,36,6,2.0,12,1,9,3,0.0,1242.1781806623383,2479.761,6000.0,,-1,3,9000.0,2700,1000,1000.0,7,14,5,2,3500.0,0,0,7242.178,6,1
32,6,3,9,36,6,2.0,15,3,12,4,0.0,1288.962135870072,2407.829,7500.0,,-1,3,9000.0,2700,1000,1000.0,7,2,1,2,3500.0,0,0,8788.962,6,0
33,6,2,2,36,6,2.0,15,1,5,2,0.0,1060.4960506685572,2088.523,7500.0,,-1,2,9000.0,2700,1000,1000.0,9,11,4,2,4500.0,0,0,8560.496,6,0
34,6,1,4,36,6,2.0,14,2,8,3,1000.0,1032.6602917346272,2655.533,7000.0,,-1,2,9000.0,2700,1000,0.0,11,11,4,2,5500.0,1,-1,8032.66,6,0
35,6,2,8,36,6,2.0,16,3,10,4,1000.0,1070.460013041734,2722.471,8000.0,,-1,1,9000.0,2700,1000,0.0,12,14,5,2,6000.0,1,-1,9070.46,6,0
36,6,1,7,36,6,2.0,13,3,12,4,0.0,1293.2633344464796,2878.016,6500.0,,-1,3,9000.0,2700,1000,1000.0,8,17,6,2,4000.0,0,0,7793.263,6,0
